loan_id,borrower_id,loan_type,origination_date,maturity_date,original_principal,current_balance,interest_rate,term_months,borrower_state,loan_purpose,credit_grade,employment_length,income_band,payment_status,days_past_due,servicer_name,last_payment_date,last_updated_at,document_status,source_system
L-100322,B-34735,CONVENTIONAL,2016-03-02,2046-03-04,312588.14,50418.18,5.656,360,TX,PURCHASE,D,4-7 years,$50k-$100k,CURRENT,0,Servicer_A,2024-02-01,2026-09-14T16:24:39,AVAILABLE,ORIGINATION_DB
L-100862,B-62285,FHA,2020-05-24,2030-05-25,255242.83,52759.63,4.572,120,TX,CASH_OUT,A,1-3 years,$150k+,CURRENT,0,Servicer_A,2024-02-05,2026-09-14T16:24:39,AVAILABLE,ORIGINATION_DB
L-100126,B-43358,JUMBO,2020-10-14,2030-10-14,436333.99,87234.3,6.859,120,FL,PURCHASE,D,10+ years,$50k-$100k,CURRENT,0,Servicer_C,2024-02-26,2026-09-14T16:24:39,AVAILABLE,ORIGINATION_DB
L-100678,B-50350,JUMBO,2015-05-17,2030-05-17,223648.47,121559.01,6.391,180,NC,PURCHASE,D,4-7 years,$150k+,CURRENT,0,Servicer_A,2024-01-19,2026-09-14T16:24:39,AVAILABLE,ORIGINATION_DB
L-100868,B-53276,VA,2019-01-25,2049-01-26,56940.69,24020.02,5.568,360,NC,REFINANCE,B,8-10 years,$150k+,CURRENT,0,Servicer_B,2024-02-02,2026-09-14T16:24:39,AVAILABLE,ORIGINATION_DB
L-100685,B-22917,VA,2023-12-14,2053-12-15,485379.98,145581.89,7.395,360,OH,REFINANCE,D,4-7 years,$50k-$100k,CURRENT,0,Servicer_C,2024-02-02,2026-09-14T16:24:39,AVAILABLE,ORIGINATION_DB
L-100779,B-90685,FHA,2020-09-15,2035-09-16,71917.14,81917.14,2.95,180,FL,REFINANCE,C,10+ years,$50k-$100k,CURRENT,0,Servicer_B,2024-02-29,2026-09-14T16:24:39,AVAILABLE,ORIGINATION_DB
L-100217,B-38583,VA,2018-02-09,2048-02-11,446242.37,150206.69,5.449,360,OH,CASH_OUT,A,< 1 year,$150k+,CURRENT,0,Servicer_A,2024-02-03,2026-09-14T16:24:39,AVAILABLE,ORIGINATION_DB
L-100629,B-20537,VA,2018-01-11,2033-01-11,356340.85,286954.55,5.457,180,TX,REFINANCE,B,4-7 years,$50k-$100k,CURRENT,0,Servicer_C,2024-01-15,2026-09-14T16:24:39,AVAILABLE,ORIGINATION_DB
L-100603,B-16068,JUMBO,2020-10-09,2030-10-10,350551.5,322533.3,7.006,120,OH,REFINANCE,A,< 1 year,$150k+,CURRENT,0,Servicer_C,2024-01-14,2026-09-14T16:24:39,AVAILABLE,ORIGINATION_DB
L-100640,B-51379,VA,2021-06-21,2036-06-21,357089.17,262948.45,6.991,180,OH,REFINANCE,C,1-3 years,$0-$50k,CURRENT,0,Servicer_C,2024-01-11,2026-09-14T16:24:39,AVAILABLE,ORIGINATION_DB
L-100775,B-27924,FHA,2019-03-02,2010-01-01,410602.21,103602.62,5.83,120,IL,PURCHASE,B,8-10 years,$0-$50k,CURRENT,0,Servicer_B,2024-01-25,2026-09-14T16:24:39,AVAILABLE,ORIGINATION_DB
L-100886,B-79912,FHA,2018-04-19,2048-04-19,492177.03,196449.36,2.624,360,TX,REFINANCE,C,< 1 year,$100k-$150k,CURRENT,0,Servicer_C,2024-02-28,2026-09-14T16:24:39,AVAILABLE,ORIGINATION_DB
L-100630,B-23191,JUMBO,2023-08-09,2038-08-09,425328.95,177105.4,3.517,180,IL,CASH_OUT,B,10+ years,$150k+,CURRENT,0,Servicer_C,2024-02-03,2026-09-14T16:24:39,AVAILABLE,ORIGINATION_DB
L-100605,B-53169,JUMBO,2017-11-20,2047-11-22,257490.26,202393.23,6.145,360,OH,REFINANCE,B,10+ years,$150k+,CURRENT,0,Servicer_B,2024-01-24,2026-09-14T16:24:39,AVAILABLE,ORIGINATION_DB
L-100618,B-47933,JUMBO,2019-11-07,2029-11-07,115505.92,54415.04,6.817,120,NY,REFINANCE,D,4-7 years,$150k+,CURRENT,0,Servicer_C,2024-01-18,2026-09-14T16:24:39,AVAILABLE,ORIGINATION_DB
L-100159,B-99493,VA,2023-10-26,2038-10-26,57513.26,27242.49,7.397,180,IL,PURCHASE,A,< 1 year,$100k-$150k,CURRENT,0,Servicer_C,2024-01-23,2026-09-14T16:24:39,AVAILABLE,ORIGINATION_DB
L-100579,B-55548,CONVENTIONAL,2018-09-11,2048-09-11,337254.31,74686.88,6.355,360,MI,REFINANCE,D,< 1 year,$100k-$150k,CURRENT,0,Servicer_B,2024-02-12,2026-09-14T16:24:39,AVAILABLE,ORIGINATION_DB
L-100270,B-84996,VA,2022-12-28,2052-12-28,371413.49,129576.89,6.416,360,IL,CASH_OUT,D,< 1 year,$50k-$100k,CURRENT,0,Servicer_C,2024-01-03,2026-09-14T16:24:39,AVAILABLE,ORIGINATION_DB
L-100243,B-59538,JUMBO,2018-02-23,2048-02-24,337703.01,137497.24,5.86,360,FL,REFINANCE,B,8-10 years,$150k+,CURRENT,0,Servicer_C,2024-01-30,2026-09-14T16:24:39,AVAILABLE,ORIGINATION_DB
L-100601,B-42156,VA,2019-02-07,2049-02-08,156146.55,25634.42,5.991,360,MI,CASH_OUT,B,8-10 years,$100k-$150k,CURRENT,0,Servicer_C,2024-02-26,2026-09-14T16:24:39,AVAILABLE,ORIGINATION_DB
L-100356,B-16743,FHA,2016-04-24,2046-04-26,451909.65,307506.06,2.703,360,IL,PURCHASE,D,4-7 years,$150k+,CURRENT,0,Servicer_C,2024-02-10,2026-09-14T16:24:39,AVAILABLE,ORIGINATION_DB
L-100521,B-55188,JUMBO,2019-11-17,2049-11-17,86753.33,10656.6,4.908,360,PA,CASH_OUT,D,10+ years,$150k+,CURRENT,0,Servicer_C,2024-02-04,2026-09-14T16:24:39,AVAILABLE,ORIGINATION_DB
L-100853,B-47522,VA,2019-12-16,2029-12-16,456377.02,339249.28,6.285,120,PA,PURCHASE,B,< 1 year,$100k-$150k,CURRENT,0,Servicer_C,2024-02-02,2026-09-14T16:24:39,AVAILABLE,ORIGINATION_DB
L-100230,B-15379,FHA,2023-01-22,2038-01-22,263436.85,238505.93,2.852,180,CA,REFINANCE,B,< 1 year,$100k-$150k,CURRENT,0,Servicer_A,2024-01-09,2026-09-14T16:24:39,AVAILABLE,ORIGINATION_DB
L-100759,B-13363,FHA,2017-07-09,2027-07-10,194166.31,92814.13,7.258,120,GA,PURCHASE,C,< 1 year,$50k-$100k,CURRENT,0,Servicer_C,2024-02-01,2026-09-14T16:24:39,AVAILABLE,ORIGINATION_DB
L-100385,B-24605,VA,2017-04-28,2032-04-29,76727.49,48961.24,4.574,180,TX,CASH_OUT,A,< 1 year,$150k+,CURRENT,0,Servicer_C,2024-02-13,2026-09-14T16:24:39,AVAILABLE,ORIGINATION_DB
L-100596,B-75830,JUMBO,2016-01-24,2031-01-24,215221.27,131149.82,6.362,180,NY,REFINANCE,C,4-7 years,$150k+,CURRENT,0,Servicer_B,2024-02-15,2026-09-14T16:24:39,AVAILABLE,ORIGINATION_DB
L-100719,B-86192,VA,2017-09-27,2027-09-28,250039.03,158031.77,4.364,120,XX,REFINANCE,A,4-7 years,$0-$50k,CURRENT,0,Servicer_C,2024-01-26,2026-09-14T16:24:39,AVAILABLE,ORIGINATION_DB
L-100258,B-59987,VA,2018-03-11,2033-03-11,468721.52,219779.25,6.471,180,NY,REFINANCE,A,1-3 years,$150k+,CURRENT,0,Servicer_B,2024-01-09,2026-09-14T16:24:39,AVAILABLE,ORIGINATION_DB
L-100572,B-96214,JUMBO,2017-02-11,2032-02-12,184055.79,40473.65,7.389,180,MI,PURCHASE,B,< 1 year,$50k-$100k,CURRENT,0,Servicer_C,2024-02-01,2026-09-14T16:24:39,AVAILABLE,ORIGINATION_DB
L-100913,B-67934,FHA,2017-09-24,2047-09-26,201055.92,136093.49,5.121,360,NY,CASH_OUT,C,< 1 year,$50k-$100k,CURRENT,0,Servicer_B,2024-02-24,2026-09-14T16:24:39,AVAILABLE,ORIGINATION_DB
L-100628,B-54627,FHA,2015-03-31,2030-03-31,64670.75,38259.67,4.494,180,IL,PURCHASE,D,< 1 year,$150k+,CURRENT,0,Servicer_B,2024-02-05,2026-09-14T16:24:39,AVAILABLE,ORIGINATION_DB
L-100662,B-23977,JUMBO,2015-12-14,2030-12-15,76889.91,13280.55,2.605,180,TX,CASH_OUT,D,8-10 years,$0-$50k,CURRENT,0,Servicer_B,2024-02-12,2026-09-14T16:24:39,AVAILABLE,ORIGINATION_DB
L-100068,B-60152,CONVENTIONAL,2019-09-08,2049-09-08,93246.17,40694.17,4.868,360,FL,CASH_OUT,B,1-3 years,$50k-$100k,CURRENT,0,Servicer_B,2024-01-07,2026-09-14T16:24:39,AVAILABLE,ORIGINATION_DB
L-100177,B-84018,VA,2023-08-23,2053-08-24,50152.2,44604.44,5.762,360,GA,REFINANCE,D,1-3 years,$100k-$150k,CURRENT,0,Servicer_B,2024-02-25,2026-09-14T16:24:39,AVAILABLE,ORIGINATION_DB
L-100128,B-19169,VA,2021-05-17,2036-05-17,419748.36,193189.68,2.8,180,NY,REFINANCE,A,< 1 year,$50k-$100k,CURRENT,0,Servicer_A,2024-02-19,2026-09-14T16:24:39,AVAILABLE,ORIGINATION_DB
L-100236,B-72772,FHA,2017-10-12,2047-10-13,68402.22,28280.24,3.539,360,NC,CASH_OUT,A,1-3 years,$0-$50k,CURRENT,0,Servicer_A,2024-01-12,2026-09-14T16:24:39,AVAILABLE,ORIGINATION_DB
L-100762,B-21813,VA,2020-12-05,2030-12-06,333867.52,233505.53,2.906,120,TX,CASH_OUT,D,4-7 years,$0-$50k,CURRENT,0,Servicer_B,2024-02-05,2026-09-14T16:24:39,AVAILABLE,ORIGINATION_DB
L-100011,B-84433,VA,2017-11-20,2032-11-20,53944.27,12676.73,4.94,180,NC,CASH_OUT,D,10+ years,$100k-$150k,CURRENT,0,Servicer_A,2024-01-24,2026-09-14T16:24:39,AVAILABLE,ORIGINATION_DB
L-100196,B-24154,JUMBO,2022-07-22,2052-07-23,219381.2,73850.76,7.331,360,GA,CASH_OUT,C,4-7 years,$50k-$100k,CURRENT,0,Servicer_A,2024-01-31,2026-09-14T16:24:39,AVAILABLE,ORIGINATION_DB
L-100021,B-49111,JUMBO,2020-09-20,2050-09-21,156694.27,-1500.0,7.413,360,PA,PURCHASE,D,8-10 years,$50k-$100k,CURRENT,0,Servicer_B,2024-02-28,2026-09-14T16:24:39,AVAILABLE,ORIGINATION_DB
L-100470,B-81712,VA,2017-09-04,2032-09-04,497102.32,96069.82,2.641,180,CA,CASH_OUT,B,4-7 years,$0-$50k,CURRENT,0,Servicer_C,2024-01-24,2026-09-14T16:24:39,AVAILABLE,ORIGINATION_DB
L-100275,B-85954,JUMBO,2020-05-22,2035-05-23,178594.94,135431.65,6.378,180,FL,PURCHASE,D,8-10 years,$0-$50k,CURRENT,0,Servicer_B,2024-01-21,2026-09-14T16:24:39,AVAILABLE,ORIGINATION_DB
L-100342,B-82186,CONVENTIONAL,2020-01-27,2050-01-28,224491.19,133166.08,3.579,360,NY,PURCHASE,A,1-3 years,$50k-$100k,CURRENT,0,Servicer_B,2024-02-03,2026-09-14T16:24:39,AVAILABLE,ORIGINATION_DB
L-100242,B-82650,CONVENTIONAL,2022-01-03,2052-01-05,418906.9,256189.72,4.955,360,GA,PURCHASE,C,4-7 years,$150k+,CURRENT,0,Servicer_A,2024-01-04,2026-09-14T16:24:39,AVAILABLE,ORIGINATION_DB
L-100008,B-40553,CONVENTIONAL,2018-02-25,2048-02-27,448985.86,393352.88,6.55,360,OH,CASH_OUT,D,1-3 years,$50k-$100k,CURRENT,0,Servicer_C,2024-02-03,2026-09-14T16:24:39,AVAILABLE,ORIGINATION_DB
L-100846,B-13047,JUMBO,2022-04-20,2037-04-20,166754.85,47138.33,6.575,180,NC,PURCHASE,C,4-7 years,$50k-$100k,CURRENT,0,Servicer_C,2024-01-06,2026-09-14T16:24:39,AVAILABLE,ORIGINATION_DB
L-100581,B-36031,FHA,2023-08-26,2053-08-26,340619.72,68133.87,3.607,360,CA,REFINANCE,A,10+ years,$100k-$150k,CURRENT,0,Servicer_C,2024-01-06,2026-09-14T16:24:39,AVAILABLE,ORIGINATION_DB
L-100541,B-68489,FHA,2019-10-28,2049-10-29,266554.86,114094.51,5.993,360,TX,REFINANCE,D,4-7 years,$100k-$150k,CURRENT,0,Servicer_C,2024-01-19,2026-09-14T16:24:39,AVAILABLE,ORIGINATION_DB
L-100193,B-12496,FHA,2023-03-02,2033-03-02,235499.8,138904.88,7.229,120,IL,CASH_OUT,C,10+ years,$150k+,CURRENT,0,Servicer_C,2024-02-04,2026-09-14T16:24:39,AVAILABLE,ORIGINATION_DB
L-100348,B-37189,VA,2018-10-30,2048-10-30,171257.02,92115.47,6.752,360,MI,PURCHASE,B,1-3 years,$150k+,CURRENT,0,Servicer_C,2024-01-02,2026-09-14T16:24:39,AVAILABLE,ORIGINATION_DB
L-100482,B-87552,JUMBO,2019-12-03,2034-12-03,224092.12,145911.45,3.517,180,FL,PURCHASE,C,10+ years,$100k-$150k,CURRENT,0,Servicer_A,2024-01-11,2026-09-14T16:24:39,AVAILABLE,ORIGINATION_DB
L-100498,B-39040,FHA,2020-06-30,2050-07-01,281793.49,162906.08,3.204,360,IL,CASH_OUT,C,8-10 years,$150k+,CURRENT,0,Servicer_C,2024-02-10,2026-09-14T16:24:39,AVAILABLE,ORIGINATION_DB
L-100361,B-61876,FHA,2017-02-16,2047-02-17,109197.99,75642.56,2.907,360,CA,REFINANCE,D,< 1 year,$0-$50k,CURRENT,0,Servicer_A,2024-02-08,2026-09-14T16:24:39,AVAILABLE,ORIGINATION_DB
L-100977,B-70917,VA,2019-01-10,2034-01-10,124420.66,71848.35,7.115,180,TX,PURCHASE,C,10+ years,$50k-$100k,CURRENT,0,Servicer_A,2024-01-01,2026-09-14T16:24:39,AVAILABLE,ORIGINATION_DB
L-100839,B-98581,VA,2020-05-28,2030-05-28,235419.07,158908.67,2.723,120,PA,PURCHASE,A,10+ years,$150k+,CURRENT,0,Servicer_C,2024-01-12,2026-09-14T16:24:39,AVAILABLE,ORIGINATION_DB
L-100772,B-14883,JUMBO,2020-05-06,2050-05-07,460940.72,50000.0,5.296,360,PA,CASH_OUT,D,8-10 years,$150k+,CLOSED,0,Servicer_B,2024-02-16,2026-09-14T16:24:39,AVAILABLE,ORIGINATION_DB
L-100950,B-63301,CONVENTIONAL,2018-09-26,2028-09-26,336453.84,311460.23,6.789,120,TX,PURCHASE,D,10+ years,$0-$50k,CURRENT,0,Servicer_C,2024-01-09,2026-09-14T16:24:39,AVAILABLE,ORIGINATION_DB
L-100332,B-10292,JUMBO,2015-03-30,2030-03-30,367127.21,273390.06,7.239,180,IL,REFINANCE,D,< 1 year,$50k-$100k,CURRENT,0,Servicer_A,2024-02-01,2026-09-14T16:24:39,AVAILABLE,ORIGINATION_DB
L-100706,B-23344,CONVENTIONAL,2017-02-26,2032-02-27,118705.09,105409.33,4.585,180,MI,CASH_OUT,A,< 1 year,$50k-$100k,CURRENT,0,Servicer_A,2024-01-21,2026-09-14T16:24:39,AVAILABLE,ORIGINATION_DB
L-100454,B-33908,FHA,2022-04-23,2052-04-23,286829.91,140532.75,5.619,360,OH,PURCHASE,D,1-3 years,$0-$50k,CURRENT,0,Servicer_A,2024-02-10,2026-09-14T16:24:39,AVAILABLE,ORIGINATION_DB
L-100161,B-66112,JUMBO,2020-11-26,2050-11-27,183386.88,68195.58,3.058,360,CA,CASH_OUT,A,< 1 year,$150k+,CURRENT,0,Servicer_B,2024-01-15,2026-09-14T16:24:39,AVAILABLE,ORIGINATION_DB
L-100580,B-79955,CONVENTIONAL,2016-02-14,2026-02-14,287992.47,198633.3,6.284,120,NY,CASH_OUT,C,10+ years,$50k-$100k,CURRENT,0,Servicer_B,2024-01-19,2026-09-14T16:24:39,AVAILABLE,ORIGINATION_DB
L-100956,B-69463,FHA,2018-12-13,2033-12-13,475812.77,438972.08,4.329,180,NC,CASH_OUT,D,8-10 years,$0-$50k,CURRENT,0,Servicer_C,2024-02-23,2026-09-14T16:24:39,AVAILABLE,ORIGINATION_DB
L-100938,B-19495,FHA,2016-05-11,2031-05-12,375962.56,97301.95,5.707,180,CA,REFINANCE,A,< 1 year,$0-$50k,CURRENT,0,Servicer_B,2024-02-23,2026-09-14T16:24:39,AVAILABLE,ORIGINATION_DB
L-100315,B-99425,FHA,2022-08-26,2052-08-27,463401.25,372807.58,6.568,360,CA,CASH_OUT,A,1-3 years,$150k+,CURRENT,0,Servicer_B,2024-01-10,2026-09-14T16:24:39,AVAILABLE,ORIGINATION_DB
L-100954,B-85067,JUMBO,2018-01-26,2028-01-27,303007.79,152221.69,2.566,120,NY,REFINANCE,D,10+ years,$100k-$150k,CURRENT,0,Servicer_C,2024-01-11,2026-09-14T16:24:39,AVAILABLE,ORIGINATION_DB
L-100529,B-42786,FHA,2017-06-16,2032-06-17,75257.78,40503.77,5.153,180,CA,CASH_OUT,C,4-7 years,$50k-$100k,CURRENT,0,Servicer_B,2024-01-21,2026-09-14T16:24:39,AVAILABLE,ORIGINATION_DB
L-100647,B-71866,VA,2022-10-21,2052-10-22,246326.55,88496.6,3.942,360,CA,REFINANCE,A,10+ years,$150k+,CURRENT,0,Servicer_A,2024-02-19,2026-09-14T16:24:39,AVAILABLE,ORIGINATION_DB
L-100497,B-98332,JUMBO,2020-02-11,2030-02-10,420339.09,372503.71,5.299,120,OH,CASH_OUT,A,8-10 years,$50k-$100k,CURRENT,0,Servicer_A,2024-01-19,2026-09-14T16:24:39,AVAILABLE,ORIGINATION_DB
L-100702,B-45594,FHA,2021-10-23,2031-10-24,442681.12,186633.14,6.361,120,CA,REFINANCE,D,1-3 years,$150k+,CURRENT,0,Servicer_A,2024-01-25,2026-09-14T16:24:39,AVAILABLE,ORIGINATION_DB
L-100555,B-19250,VA,2019-02-05,2049-02-05,408170.49,250412.36,3.432,360,GA,REFINANCE,C,8-10 years,$0-$50k,CURRENT,0,Servicer_A,2024-01-10,2026-09-14T16:24:39,AVAILABLE,ORIGINATION_DB
L-100225,B-43498,JUMBO,2019-08-13,2049-08-13,361277.06,201734.93,4.951,360,CA,REFINANCE,A,4-7 years,$0-$50k,CURRENT,0,Servicer_B,2024-01-17,2026-09-14T16:24:39,AVAILABLE,ORIGINATION_DB
L-100557,B-40472,FHA,2019-10-31,2049-11-01,336553.0,147111.95,3.614,360,MI,PURCHASE,B,8-10 years,$150k+,CURRENT,0,Servicer_B,2024-02-09,2026-09-14T16:24:39,AVAILABLE,ORIGINATION_DB
L-100033,B-53753,VA,2018-04-11,2033-04-11,310599.06,-1500.0,5.233,180,IL,PURCHASE,D,4-7 years,$150k+,CURRENT,0,Servicer_C,2024-02-14,2026-09-14T16:24:39,AVAILABLE,ORIGINATION_DB
L-100252,B-33484,JUMBO,2018-10-11,2033-10-11,236585.71,23758.45,7.207,180,OH,PURCHASE,D,< 1 year,$0-$50k,CURRENT,0,Servicer_A,2024-01-26,2026-09-14T16:24:39,AVAILABLE,ORIGINATION_DB
L-100204,B-40432,JUMBO,2015-10-18,2030-10-18,103470.13,93988.47,7.059,180,IL,REFINANCE,C,1-3 years,$150k+,CURRENT,0,Servicer_B,2024-02-05,2026-09-14T16:24:39,AVAILABLE,ORIGINATION_DB
L-100035,B-30301,CONVENTIONAL,2015-05-31,2025-05-31,405717.55,89007.69,2.724,120,OH,CASH_OUT,D,< 1 year,$50k-$100k,CURRENT,0,Servicer_C,2024-02-16,2026-09-14T16:24:39,AVAILABLE,ORIGINATION_DB
L-100802,B-45462,FHA,2016-06-05,2046-06-07,237432.27,105068.31,7.111,360,TX,PURCHASE,D,10+ years,$50k-$100k,CURRENT,0,Servicer_A,2024-02-20,2026-09-14T16:24:39,AVAILABLE,ORIGINATION_DB
L-100392,B-50411,FHA,2019-10-31,2049-10-31,441134.21,338631.85,4.894,360,IL,CASH_OUT,D,< 1 year,$150k+,CURRENT,0,Servicer_C,2024-02-28,2026-09-14T16:24:39,AVAILABLE,ORIGINATION_DB
L-100927,B-62107,FHA,2016-10-30,2026-10-30,474826.15,153026.96,2.935,120,OH,REFINANCE,B,10+ years,$0-$50k,CURRENT,0,Servicer_A,2024-01-29,2026-09-14T16:24:39,AVAILABLE,ORIGINATION_DB
L-100037,B-41032,FHA,2018-04-10,2033-04-10,112724.26,20567.06,5.827,180,NY,REFINANCE,A,1-3 years,$100k-$150k,CURRENT,0,Servicer_B,2024-02-29,2026-09-14T16:24:39,AVAILABLE,ORIGINATION_DB
L-100876,B-94102,CONVENTIONAL,2023-09-09,2033-09-09,452499.89,147208.04,7.439,120,GA,REFINANCE,A,4-7 years,$100k-$150k,CURRENT,0,Servicer_B,2024-01-20,2026-09-14T16:24:39,AVAILABLE,ORIGINATION_DB
L-100257,B-43011,VA,2021-01-29,2036-01-30,306860.01,69625.05,2.678,180,PA,REFINANCE,A,4-7 years,$100k-$150k,CURRENT,0,Servicer_C,2024-02-21,2026-09-14T16:24:39,AVAILABLE,ORIGINATION_DB
L-100411,B-28381,CONVENTIONAL,2018-07-29,2033-07-30,238171.73,204555.78,5.606,180,GA,PURCHASE,B,< 1 year,$100k-$150k,CURRENT,0,Servicer_A,2024-02-04,2026-09-14T16:24:39,AVAILABLE,ORIGINATION_DB
L-100255,B-61487,VA,2019-02-06,2049-02-06,284368.68,126625.31,5.085,360,MI,CASH_OUT,C,10+ years,$0-$50k,CURRENT,0,Servicer_B,2024-01-23,2026-09-14T16:24:39,AVAILABLE,ORIGINATION_DB
L-100986,B-69131,FHA,2020-07-19,2030-07-20,96247.76,61693.02,4.684,120,OH,REFINANCE,C,4-7 years,$150k+,CURRENT,0,Servicer_B,2024-01-06,2026-09-14T16:24:39,AVAILABLE,ORIGINATION_DB
L-100807,B-87328,JUMBO,2021-08-13,2051-08-14,268417.06,243762.33,6.623,360,PA,CASH_OUT,B,10+ years,$50k-$100k,CURRENT,0,Servicer_A,2024-01-23,2026-09-14T16:24:39,AVAILABLE,ORIGINATION_DB
L-100674,B-27912,JUMBO,2016-07-06,2026-07-06,492985.1,185721.2,3.19,120,GA,REFINANCE,C,4-7 years,$50k-$100k,CURRENT,0,Servicer_A,2024-01-15,2026-09-14T16:24:39,AVAILABLE,ORIGINATION_DB
L-100712,B-70336,FHA,2018-11-17,2033-11-17,253230.6,27980.98,4.213,180,PA,PURCHASE,C,10+ years,$100k-$150k,CURRENT,0,Servicer_A,2024-02-17,2026-09-14T16:24:39,AVAILABLE,ORIGINATION_DB
L-100798,B-77052,JUMBO,2018-03-11,2033-03-12,119619.44,37856.14,4.318,180,CA,CASH_OUT,B,< 1 year,$50k-$100k,CURRENT,0,Servicer_A,2024-02-21,2026-09-14T16:24:39,AVAILABLE,ORIGINATION_DB
L-100939,B-20052,JUMBO,2015-07-06,2045-07-06,449800.21,383740.74,7.031,360,CA,REFINANCE,D,4-7 years,$50k-$100k,CURRENT,0,Servicer_B,2024-02-04,2026-09-14T16:24:39,AVAILABLE,ORIGINATION_DB
L-100206,B-22673,JUMBO,2019-06-01,2049-06-02,252992.08,208842.25,5.844,360,NC,REFINANCE,B,8-10 years,$150k+,CURRENT,0,Servicer_A,2024-02-19,2026-09-14T16:24:39,AVAILABLE,ORIGINATION_DB
L-100806,B-18148,VA,2020-06-17,2035-06-18,471787.36,360679.13,6.471,180,NC,PURCHASE,D,1-3 years,$150k+,CURRENT,0,Servicer_B,2024-01-13,2026-09-14T16:24:39,AVAILABLE,ORIGINATION_DB
L-100138,B-18403,FHA,2019-05-13,2049-05-13,307171.81,59332.82,3.069,360,TX,PURCHASE,D,4-7 years,$100k-$150k,CURRENT,0,Servicer_B,2024-02-28,2026-09-14T16:24:39,AVAILABLE,ORIGINATION_DB
L-100565,B-22442,VA,2022-04-10,2037-04-10,90123.98,56237.95,6.422,180,FL,PURCHASE,D,1-3 years,$50k-$100k,CURRENT,0,Servicer_B,2024-02-24,2026-09-14T16:24:39,AVAILABLE,ORIGINATION_DB
L-100024,B-29631,JUMBO,2021-07-11,2031-07-11,268371.57,113480.99,4.459,120,TX,CASH_OUT,A,10+ years,$0-$50k,CURRENT,0,Servicer_B,2024-01-15,2026-09-14T16:24:39,AVAILABLE,ORIGINATION_DB
L-100472,B-80636,CONVENTIONAL,2023-03-28,2033-03-28,471950.11,55365.24,2.651,120,CA,CASH_OUT,D,10+ years,$0-$50k,CURRENT,0,Servicer_A,2024-01-07,2026-09-14T16:24:39,AVAILABLE,ORIGINATION_DB
L-100106,B-41520,CONVENTIONAL,2020-05-16,2030-05-17,348561.14,213554.3,4.65,120,MI,CASH_OUT,B,8-10 years,$50k-$100k,CURRENT,0,Servicer_B,2024-02-26,2026-09-14T16:24:39,AVAILABLE,ORIGINATION_DB
L-100387,B-36518,CONVENTIONAL,2017/01/01,2027-01-02,86667.7,39088.23,5.451,120,IL,PURCHASE,B,4-7 years,$0-$50k,CURRENT,0,Servicer_C,2024-01-03,2026-09-14T16:24:39,AVAILABLE,ORIGINATION_DB
L-100333,B-68260,JUMBO,2021-01-15,2051-01-16,181621.55,142480.08,6.213,360,GA,PURCHASE,A,4-7 years,$0-$50k,CURRENT,0,Servicer_C,2024-02-04,2026-09-14T16:24:39,AVAILABLE,ORIGINATION_DB
L-100840,B-57954,CONVENTIONAL,2015-07-12,2045-07-12,211855.58,71268.48,3.593,360,PA,PURCHASE,A,10+ years,$50k-$100k,CURRENT,0,Servicer_C,2024-02-21,2026-09-14T16:24:39,AVAILABLE,ORIGINATION_DB
L-100000,B-30273,VA,2015-11-29,2025-11-29,471321.72,397115.03,6.841,120,GA,PURCHASE,C,8-10 years,$0-$50k,CURRENT,0,Servicer_B,2024-02-29,2026-09-14T16:24:39,AVAILABLE,ORIGINATION_DB
L-100244,B-69453,FHA,2017-01-05,2047-01-07,452577.85,415541.96,7.143,360,IL,CASH_OUT,D,1-3 years,$50k-$100k,CURRENT,0,Servicer_B,2024-01-28,2026-09-14T16:24:39,AVAILABLE,ORIGINATION_DB
L-100979,B-13602,VA,2020-03-13,2050-03-15,93515.64,51559.31,2.685,360,NY,PURCHASE,C,8-10 years,$0-$50k,CURRENT,0,Servicer_B,2024-01-24,2026-09-14T16:24:39,AVAILABLE,ORIGINATION_DB
L-100714,B-11540,VA,2021-01-06,2031-01-07,428176.98,372841.21,5.986,120,MI,CASH_OUT,A,< 1 year,$100k-$150k,CURRENT,0,Servicer_A,2024-02-19,2026-09-14T16:24:39,AVAILABLE,ORIGINATION_DB
L-100466,B-27520,CONVENTIONAL,2018-01-27,2028-01-28,437577.5,306852.39,6.998,120,CA,CASH_OUT,C,10+ years,$0-$50k,CURRENT,0,Servicer_C,2024-02-22,2026-09-14T16:24:39,AVAILABLE,ORIGINATION_DB
L-100013,B-26987,JUMBO,2021-07-25,2031-07-25,355823.48,331968.72,7.423,120,NY,REFINANCE,B,< 1 year,$100k-$150k,CURRENT,0,Servicer_C,2024-02-07,2026-09-14T16:24:39,AVAILABLE,ORIGINATION_DB
L-100544,B-29352,FHA,2022-12-28,2032-12-28,403839.68,72129.79,7.402,120,TX,PURCHASE,B,4-7 years,$0-$50k,CURRENT,0,Servicer_B,2024-02-17,2026-09-14T16:24:39,AVAILABLE,ORIGINATION_DB
L-100478,B-89003,JUMBO,2017-05-19,2047-05-20,347622.13,162354.97,4.634,360,CA,CASH_OUT,C,8-10 years,$150k+,CURRENT,0,Servicer_C,2024-02-17,2026-09-14T16:24:39,AVAILABLE,ORIGINATION_DB
L-100178,B-30510,CONVENTIONAL,2017-11-17,2027-11-18,319704.59,107816.96,3.631,120,OH,CASH_OUT,B,1-3 years,$100k-$150k,CURRENT,0,Servicer_C,2024-02-26,2026-09-14T16:24:39,AVAILABLE,ORIGINATION_DB
L-100715,B-79068,CONVENTIONAL,2015-11-12,2045-11-12,446358.08,263844.48,6.55,360,OH,PURCHASE,C,10+ years,$0-$50k,CURRENT,0,Servicer_B,2024-01-08,2026-09-14T16:24:39,AVAILABLE,ORIGINATION_DB
L-100142,B-82795,FHA,2016-04-01,2031-04-02,499874.01,332737.08,5.183,180,NY,CASH_OUT,C,1-3 years,$150k+,CURRENT,0,Servicer_B,2024-01-25,2026-09-14T16:24:39,AVAILABLE,ORIGINATION_DB
L-100415,B-72876,VA,2019-06-22,2034-06-23,304974.57,166259.97,6.368,180,FL,CASH_OUT,C,10+ years,$50k-$100k,CURRENT,0,Servicer_A,2024-01-11,2026-09-14T16:24:39,AVAILABLE,ORIGINATION_DB
L-100135,B-16039,FHA,2023-08-09,2038-08-09,356903.64,235418.66,4.014,180,TX,PURCHASE,A,< 1 year,$100k-$150k,CURRENT,0,Servicer_A,2024-01-15,2026-09-14T16:24:39,AVAILABLE,ORIGINATION_DB
L-100801,B-19539,CONVENTIONAL,2017-06-17,2027-06-18,156631.86,31487.7,3.158,120,OH,REFINANCE,B,8-10 years,$0-$50k,CURRENT,0,Servicer_C,2024-01-26,2026-09-14T16:24:39,AVAILABLE,ORIGINATION_DB
L-100881,B-14041,FHA,2019-06-23,2029-06-23,123789.71,25130.47,6.919,120,GA,CASH_OUT,D,1-3 years,$100k-$150k,CURRENT,0,Servicer_A,2024-02-24,2026-09-14T16:24:39,AVAILABLE,ORIGINATION_DB
L-100016,B-23527,JUMBO,2019-11-20,2034-11-21,211009.75,40428.27,4.774,180,PA,PURCHASE,B,< 1 year,$0-$50k,CURRENT,0,Servicer_C,2024-01-21,2026-09-14T16:24:39,AVAILABLE,ORIGINATION_DB
L-100213,B-19395,CONVENTIONAL,2023-09-30,2053-10-01,403259.81,100649.51,5.215,360,IL,PURCHASE,B,10+ years,$50k-$100k,CURRENT,0,Servicer_B,2024-01-13,2026-09-14T16:24:39,AVAILABLE,ORIGINATION_DB
L-100682,B-86990,JUMBO,2015-04-13,2030-04-13,117864.07,104907.81,3.843,180,TX,CASH_OUT,D,8-10 years,$100k-$150k,CURRENT,0,Servicer_B,2024-01-22,2026-09-14T16:24:39,AVAILABLE,ORIGINATION_DB
L-100642,B-43499,JUMBO,2022-06-30,2052-07-01,330804.44,172504.29,4.046,360,NY,REFINANCE,A,4-7 years,$0-$50k,CURRENT,0,Servicer_B,2024-01-05,2026-09-14T16:24:39,AVAILABLE,ORIGINATION_DB
L-100631,B-42468,JUMBO,2020-03-31,2030-04-01,413727.01,126184.65,5.412,120,CA,CASH_OUT,C,4-7 years,$150k+,CURRENT,0,Servicer_C,2024-02-29,2026-09-14T16:24:39,AVAILABLE,ORIGINATION_DB
L-100989,B-31885,FHA,2020-10-06,2050-10-08,119990.99,31050.95,7.306,360,FL,CASH_OUT,C,10+ years,$150k+,CURRENT,0,Servicer_C,2024-02-07,2026-09-14T16:24:39,AVAILABLE,ORIGINATION_DB
L-100325,B-24572,VA,2021-08-04,2051-08-06,132861.07,53891.95,6.28,360,CA,REFINANCE,B,1-3 years,$0-$50k,CURRENT,0,Servicer_B,2024-02-01,2026-09-14T16:24:39,AVAILABLE,ORIGINATION_DB
L-100968,B-88214,JUMBO,2019-06-01,2034-06-01,209903.46,76372.98,7.309,180,OH,REFINANCE,D,10+ years,$100k-$150k,CURRENT,0,Servicer_A,2024-02-06,2026-09-14T16:24:39,AVAILABLE,ORIGINATION_DB
L-100503,B-65382,VA,2017-07-08,2047-07-09,252293.06,203598.95,4.647,360,FL,PURCHASE,C,< 1 year,$50k-$100k,CURRENT,0,Servicer_C,2024-01-17,2026-09-14T16:24:39,AVAILABLE,ORIGINATION_DB
L-100279,B-30139,CONVENTIONAL,2023-07-18,2033-07-18,230474.55,111485.14,4.125,120,TX,REFINANCE,A,4-7 years,$150k+,CURRENT,0,Servicer_C,2024-02-29,2026-09-14T16:24:39,AVAILABLE,ORIGINATION_DB
L-100402,B-87144,FHA,2019-02-27,2034-02-27,253854.51,207536.61,4.624,180,NC,CASH_OUT,A,10+ years,$100k-$150k,CURRENT,0,Servicer_B,2024-02-12,2026-09-14T16:24:39,AVAILABLE,ORIGINATION_DB
L-100695,B-90478,FHA,2017-05-20,2027-05-20,183770.86,127822.08,3.341,120,IL,REFINANCE,A,< 1 year,$100k-$150k,CURRENT,0,Servicer_B,2024-01-14,2026-09-14T16:24:39,AVAILABLE,ORIGINATION_DB
L-100666,B-92215,VA,2017-01-15,2032-01-16,132558.11,63560.02,3.826,180,IL,REFINANCE,D,10+ years,$100k-$150k,CURRENT,0,Servicer_C,2024-01-26,2026-09-14T16:24:39,AVAILABLE,ORIGINATION_DB
L-100337,B-40095,FHA,2023-12-23,2033-12-23,420590.35,193071.31,4.993,120,MI,CASH_OUT,B,4-7 years,$100k-$150k,CURRENT,0,Servicer_B,2024-01-11,2026-09-14T16:24:39,AVAILABLE,ORIGINATION_DB
L-100693,B-29213,VA,2021-11-29,2051-12-01,338962.0,202147.51,4.9,360,TX,PURCHASE,A,8-10 years,$0-$50k,CURRENT,0,Servicer_B,2024-01-31,2026-09-14T16:24:39,AVAILABLE,ORIGINATION_DB
L-100426,B-65778,JUMBO,2022-07-27,2037-07-27,225102.29,120696.47,6.019,180,NY,CASH_OUT,A,4-7 years,$150k+,CURRENT,0,Servicer_C,2024-02-10,2026-09-14T16:24:39,AVAILABLE,ORIGINATION_DB
L-100063,B-57615,VA,2015-05-24,2025-05-24,356071.33,103387.03,3.513,120,NY,CASH_OUT,D,1-3 years,$50k-$100k,CURRENT,0,Servicer_B,2024-02-03,2026-09-14T16:24:39,AVAILABLE,ORIGINATION_DB
L-100535,B-65625,FHA,2021-01-07,2036-01-08,302205.47,130290.37,6.032,180,NY,CASH_OUT,A,< 1 year,$150k+,CURRENT,0,Servicer_B,2024-01-18,2026-09-14T16:24:39,AVAILABLE,ORIGINATION_DB
L-100990,B-76043,CONVENTIONAL,2019-10-30,2049-10-30,61232.05,8193.75,4.958,360,NC,PURCHASE,A,4-7 years,$0-$50k,CURRENT,0,Servicer_A,2024-01-08,2026-09-14T16:24:39,AVAILABLE,ORIGINATION_DB
L-100032,B-85091,FHA,2022-02-25,2052-02-26,218962.16,156986.77,4.363,360,CA,REFINANCE,C,4-7 years,$0-$50k,CURRENT,0,Servicer_A,2024-01-01,2026-09-14T16:24:39,AVAILABLE,ORIGINATION_DB
L-100039,B-14115,JUMBO,2022-03-25,2037-03-25,228614.39,24549.39,6.259,180,NY,REFINANCE,C,< 1 year,$150k+,CURRENT,0,Servicer_C,2024-02-04,2026-09-14T16:24:39,AVAILABLE,ORIGINATION_DB
L-100038,B-86762,VA,2017/12/16,2047-12-17,200737.92,139153.69,3.943,360,PA,PURCHASE,B,< 1 year,$150k+,CURRENT,0,Servicer_A,2024-01-13,2026-09-14T16:24:39,AVAILABLE,ORIGINATION_DB
L-100782,B-92797,VA,2018-08-17,2033-08-17,249458.35,162824.97,2.577,180,PA,REFINANCE,C,4-7 years,$50k-$100k,CURRENT,0,Servicer_C,2024-01-08,2026-09-14T16:24:39,AVAILABLE,ORIGINATION_DB
L-100181,B-57236,JUMBO,2015-11-19,2045-11-19,357899.3,253391.06,6.197,360,GA,REFINANCE,B,8-10 years,$150k+,CURRENT,0,Servicer_B,2024-02-20,2026-09-14T16:24:39,AVAILABLE,ORIGINATION_DB
L-100974,B-16907,JUMBO,2015-04-16,2030-04-16,199350.98,45017.9,3.129,180,IL,CASH_OUT,D,4-7 years,$150k+,CURRENT,0,Servicer_A,2024-01-22,2026-09-14T16:24:39,AVAILABLE,ORIGINATION_DB
L-100948,B-19358,FHA,2017-05-02,2047-05-03,434146.93,114608.01,6.33,360,NY,REFINANCE,A,1-3 years,$50k-$100k,CURRENT,0,Servicer_C,2024-02-09,2026-09-14T16:24:39,AVAILABLE,ORIGINATION_DB
L-100227,B-49588,CONVENTIONAL,2015-10-14,2025-10-13,177789.56,124407.82,4.43,120,PA,CASH_OUT,A,10+ years,$0-$50k,CURRENT,0,Servicer_C,2024-02-04,2026-09-14T16:24:39,AVAILABLE,ORIGINATION_DB
L-100547,B-10747,FHA,2016-05-20,2026-05-20,125501.26,33002.78,2.79,120,OH,PURCHASE,A,< 1 year,$150k+,CURRENT,0,Servicer_B,2024-01-15,2026-09-14T16:24:39,AVAILABLE,ORIGINATION_DB
L-100770,B-77721,VA,2020-12-28,2050-12-30,92270.84,51762.97,6.241,360,FL,REFINANCE,D,10+ years,$150k+,CURRENT,0,Servicer_A,2024-02-04,2026-09-14T16:24:39,AVAILABLE,ORIGINATION_DB
L-100502,B-37076,FHA,2023-11-08,2038-11-08,281013.9,172868.84,3.498,180,OH,PURCHASE,D,10+ years,$0-$50k,CURRENT,0,Servicer_C,2024-01-27,2026-09-14T16:24:39,AVAILABLE,ORIGINATION_DB
L-100044,B-63283,CONVENTIONAL,2021-01-13,2036-01-15,94295.37,61636.12,5.338,180,TX,REFINANCE,D,4-7 years,$150k+,CURRENT,0,Servicer_B,2024-02-21,2026-09-14T16:24:39,AVAILABLE,ORIGINATION_DB
L-100076,B-74988,JUMBO,2018-03-17,2048-03-17,428541.4,318027.23,7.389,360,FL,CASH_OUT,A,1-3 years,$0-$50k,CURRENT,0,Servicer_A,2024-02-16,2026-09-14T16:24:39,AVAILABLE,ORIGINATION_DB
L-100796,B-30517,VA,2021-12-13,2051-12-14,74026.51,17963.09,3.295,360,NC,PURCHASE,B,4-7 years,$100k-$150k,CURRENT,0,Servicer_C,2024-01-15,2026-09-14T16:24:39,AVAILABLE,ORIGINATION_DB
L-100365,B-69508,FHA,2020-01-16,2050-01-17,426252.46,268233.8,4.684,360,CA,REFINANCE,C,4-7 years,$0-$50k,CURRENT,0,Servicer_C,2024-02-20,2026-09-14T16:24:39,AVAILABLE,ORIGINATION_DB
L-100300,B-22537,VA,2020-04-22,2050-04-23,413923.9,71306.01,2.615,360,CA,PURCHASE,B,4-7 years,$150k+,CURRENT,0,Servicer_B,2024-02-06,2026-09-14T16:24:39,AVAILABLE,ORIGINATION_DB
L-100274,B-78058,CONVENTIONAL,2016-09-10,2046-09-11,256568.2,232726.55,7.169,360,NY,PURCHASE,B,< 1 year,$50k-$100k,CURRENT,0,Servicer_B,2024-02-01,2026-09-14T16:24:39,AVAILABLE,ORIGINATION_DB
L-100718,B-33057,FHA,2015-10-07,2030-10-07,461854.47,438370.33,3.318,180,NC,PURCHASE,C,8-10 years,$0-$50k,CURRENT,0,Servicer_A,2024-02-18,2026-09-14T16:24:39,AVAILABLE,ORIGINATION_DB
L-100291,B-94060,VA,2017-03-28,2027-03-29,355002.54,190733.26,6.049,120,OH,CASH_OUT,C,4-7 years,$0-$50k,CURRENT,0,Servicer_C,2024-01-04,2026-09-14T16:24:39,AVAILABLE,ORIGINATION_DB
L-100030,B-51828,CONVENTIONAL,2022-06-12,2032-06-12,347068.91,122937.03,2.864,120,FL,REFINANCE,C,10+ years,$0-$50k,CURRENT,0,Servicer_B,2024-01-14,2026-09-14T16:24:39,AVAILABLE,ORIGINATION_DB
L-100296,B-40119,VA,2023-12-23,2033-12-23,461921.3,90654.15,2.716,120,NC,REFINANCE,B,< 1 year,$0-$50k,CURRENT,0,Servicer_A,2024-02-11,2026-09-14T16:24:39,AVAILABLE,ORIGINATION_DB
L-100656,B-47267,CONVENTIONAL,2022-12-19,2037-12-19,367294.01,308553.69,6.477,180,OH,CASH_OUT,B,1-3 years,$150k+,CURRENT,0,Servicer_C,2024-01-19,2026-09-14T16:24:39,AVAILABLE,ORIGINATION_DB
L-100499,B-29929,VA,2017-05-05,2027-05-05,294822.05,104223.89,6.512,120,MI,CASH_OUT,C,< 1 year,$50k-$100k,CURRENT,0,Servicer_B,2024-01-27,2026-09-14T16:24:39,AVAILABLE,ORIGINATION_DB
L-100229,B-67267,JUMBO,2021-06-26,2036-06-26,299326.57,247430.95,3.515,180,TX,CASH_OUT,A,1-3 years,$150k+,CURRENT,0,Servicer_A,2024-02-24,2026-09-14T16:24:39,AVAILABLE,ORIGINATION_DB
L-100951,B-16468,VA,2015-07-28,2045-07-28,249860.63,192630.29,5.516,360,PA,REFINANCE,A,8-10 years,$100k-$150k,CURRENT,0,Servicer_C,2024-01-23,2026-09-14T16:24:39,AVAILABLE,ORIGINATION_DB
L-100960,B-68901,CONVENTIONAL,2023-07-12,2038-07-12,53380.97,10038.54,3.541,180,MI,PURCHASE,A,4-7 years,$100k-$150k,CURRENT,0,Servicer_B,2024-02-17,2026-09-14T16:24:39,AVAILABLE,ORIGINATION_DB
L-100463,B-30475,VA,2023-04-30,2053-04-30,464635.74,146352.88,6.277,360,CA,CASH_OUT,B,10+ years,$100k-$150k,CURRENT,0,Servicer_C,2024-02-06,2026-09-14T16:24:39,AVAILABLE,ORIGINATION_DB
L-100919,B-87134,JUMBO,2016-02-17,2031-02-17,294879.6,234793.98,2.908,180,PA,REFINANCE,A,10+ years,$100k-$150k,CURRENT,0,Servicer_A,2024-02-28,2026-09-14T16:24:39,AVAILABLE,ORIGINATION_DB
L-100159,B-99493,VA,2023-10-26,2038-10-26,57513.26,27242.49,7.397,180,IL,PURCHASE,A,< 1 year,$100k-$150k,CURRENT,0,Servicer_C,2024-01-23,2026-09-14T16:24:39,AVAILABLE,ORIGINATION_DB
L-100480,B-40887,JUMBO,2015-10-08,2030-10-08,123724.94,24243.83,6.235,180,TX,REFINANCE,A,4-7 years,$0-$50k,CURRENT,0,Servicer_C,2024-02-08,2026-09-14T16:24:39,AVAILABLE,ORIGINATION_DB
L-100431,B-36303,JUMBO,2023-08-08,2033-08-08,466291.98,440281.68,6.672,120,OH,CASH_OUT,A,1-3 years,$150k+,CURRENT,0,Servicer_B,2024-01-31,2026-09-14T16:24:39,AVAILABLE,ORIGINATION_DB
L-100711,B-89481,CONVENTIONAL,2019-12-14,2029-12-14,179365.75,71993.52,6.837,120,CA,CASH_OUT,D,4-7 years,$100k-$150k,CURRENT,0,Servicer_B,2024-02-19,2026-09-14T16:24:39,AVAILABLE,ORIGINATION_DB
L-100293,B-90969,CONVENTIONAL,2023-07-29,2033-07-28,383424.04,260368.86,6.338,120,OH,REFINANCE,B,4-7 years,$0-$50k,CURRENT,0,Servicer_B,2024-02-14,2026-09-14T16:24:39,AVAILABLE,ORIGINATION_DB
L-100483,B-43354,VA,2021-07-21,2036-07-21,320827.73,33343.83,3.252,180,PA,CASH_OUT,C,4-7 years,$150k+,CURRENT,0,Servicer_B,2024-02-15,2026-09-14T16:24:39,AVAILABLE,ORIGINATION_DB
L-100522,B-93312,JUMBO,2017-09-14,2032-09-14,259018.99,138068.14,7.124,180,GA,CASH_OUT,D,8-10 years,$150k+,CURRENT,0,Servicer_B,2024-02-18,2026-09-14T16:24:39,AVAILABLE,ORIGINATION_DB
L-100761,B-21861,FHA,2018-09-26,2028-09-25,224701.79,98588.86,3.558,120,GA,CASH_OUT,C,4-7 years,$100k-$150k,CURRENT,0,Servicer_B,2024-01-16,2026-09-14T16:24:39,AVAILABLE,ORIGINATION_DB
L-100687,B-29056,VA,2020-12-25,2030-12-26,113896.76,81987.58,6.573,120,OH,PURCHASE,A,< 1 year,$100k-$150k,CURRENT,0,Servicer_C,2024-02-24,2026-09-14T16:24:39,AVAILABLE,ORIGINATION_DB
L-100689,B-90374,CONVENTIONAL,2019-08-12,2049-08-13,330790.14,174256.66,5.88,360,TX,PURCHASE,A,< 1 year,$100k-$150k,CURRENT,0,Servicer_A,2024-01-13,2026-09-14T16:24:39,AVAILABLE,ORIGINATION_DB
L-100831,B-47872,FHA,2022-12-29,2052-12-29,174012.78,47965.9,3.233,360,FL,REFINANCE,D,10+ years,$150k+,CURRENT,0,Servicer_A,2024-01-05,2026-09-14T16:24:39,AVAILABLE,ORIGINATION_DB
L-100524,B-62050,CONVENTIONAL,2017-08-20,2047-08-22,289571.06,169533.15,3.388,360,FL,PURCHASE,B,10+ years,$150k+,CURRENT,0,Servicer_C,2024-02-10,2026-09-14T16:24:39,AVAILABLE,ORIGINATION_DB
L-100321,B-15130,JUMBO,2015-07-06,2030-07-06,315374.97,147177.92,6.351,180,PA,CASH_OUT,C,10+ years,$50k-$100k,CURRENT,0,Servicer_B,2024-01-20,2026-09-14T16:24:39,AVAILABLE,ORIGINATION_DB
L-100176,B-99624,VA,2015-05-19,2030-05-19,246797.87,144380.28,4.902,180,NC,REFINANCE,B,10+ years,$100k-$150k,CURRENT,0,Servicer_B,2024-01-22,2026-09-14T16:24:39,AVAILABLE,ORIGINATION_DB
L-100335,B-28675,VA,2018-10-17,2033-10-17,277834.46,103609.57,6.168,180,MI,PURCHASE,D,< 1 year,$0-$50k,CURRENT,0,Servicer_A,2024-02-22,2026-09-14T16:24:39,AVAILABLE,ORIGINATION_DB
L-100119,B-82515,CONVENTIONAL,2021-02-24,2036-02-25,87639.06,63887.43,4.578,180,PA,PURCHASE,B,8-10 years,$150k+,CURRENT,0,Servicer_A,2024-02-16,2026-09-14T16:24:39,AVAILABLE,ORIGINATION_DB
L-100878,B-84875,FHA,2018-02-04,2028-02-05,172687.01,129155.0,6.875,120,OH,REFINANCE,A,< 1 year,$50k-$100k,CURRENT,0,Servicer_A,2024-02-13,2026-09-14T16:24:39,AVAILABLE,ORIGINATION_DB
L-100380,B-57829,FHA,2022-02-13,2052-02-14,363668.31,238020.29,3.691,360,PA,PURCHASE,A,< 1 year,$0-$50k,CURRENT,0,Servicer_A,2024-02-14,2026-09-14T16:24:39,AVAILABLE,ORIGINATION_DB
L-100042,B-29270,FHA,2020-12-28,2035-12-29,403813.54,328964.62,5.918,180,TX,REFINANCE,A,8-10 years,$50k-$100k,CURRENT,0,Servicer_A,2024-02-12,2026-09-14T16:24:39,AVAILABLE,ORIGINATION_DB
L-100627,B-60153,FHA,2016-04-18,2026-04-19,385605.74,334170.73,6.873,120,MI,PURCHASE,A,1-3 years,$50k-$100k,CURRENT,0,Servicer_B,2024-02-12,2026-09-14T16:24:39,AVAILABLE,ORIGINATION_DB
L-100216,B-98334,VA,2017-03-09,2047-03-11,380653.68,225049.77,6.338,360,FL,REFINANCE,A,10+ years,$0-$50k,CURRENT,0,Servicer_C,2024-02-08,2026-09-14T16:24:39,AVAILABLE,ORIGINATION_DB
L-100890,B-68578,CONVENTIONAL,2016-12-04,2026-12-05,391604.43,182989.2,3.386,120,PA,REFINANCE,A,1-3 years,$100k-$150k,CURRENT,0,Servicer_B,2024-02-02,2026-09-14T16:24:39,AVAILABLE,ORIGINATION_DB
L-100844,B-71476,FHA,2020-02-26,2035-02-27,416292.03,334839.4,7.491,180,CA,PURCHASE,B,4-7 years,$0-$50k,CURRENT,0,Servicer_C,2024-02-02,2026-09-14T16:24:39,AVAILABLE,ORIGINATION_DB
L-100328,B-95587,JUMBO,2016-10-01,2046-10-02,320676.24,148262.61,7.213,360,TX,CASH_OUT,B,1-3 years,$0-$50k,CURRENT,0,Servicer_A,2024-02-13,2026-09-14T16:24:39,AVAILABLE,ORIGINATION_DB
L-100994,B-49953,JUMBO,2018-09-12,2028-09-12,197947.91,71618.77,3.388,120,GA,PURCHASE,B,1-3 years,$100k-$150k,CURRENT,0,Servicer_C,2024-01-28,2026-09-14T16:24:39,AVAILABLE,ORIGINATION_DB
L-100932,B-56137,JUMBO,2017-03-14,2027-03-14,323074.82,164289.8,3.837,120,PA,PURCHASE,C,8-10 years,$150k+,CURRENT,0,Servicer_A,2024-02-24,2026-09-14T16:24:39,AVAILABLE,ORIGINATION_DB
L-100794,B-78227,CONVENTIONAL,2015-03-08,2030-03-08,403341.74,298247.9,7.321,180,GA,PURCHASE,D,8-10 years,$0-$50k,CURRENT,0,Servicer_B,2024-02-12,2026-09-14T16:24:39,AVAILABLE,ORIGINATION_DB
L-100185,B-47065,CONVENTIONAL,2022-11-08,2052-11-08,294248.43,227466.71,5.448,360,FL,REFINANCE,B,< 1 year,$50k-$100k,CURRENT,0,Servicer_B,2024-01-29,2026-09-14T16:24:39,AVAILABLE,ORIGINATION_DB
L-100784,B-99614,VA,2019-03-17,2029-03-17,496371.32,442144.12,6.027,120,XX,PURCHASE,B,4-7 years,$100k-$150k,CURRENT,0,Servicer_C,2024-01-11,2026-09-14T16:24:39,AVAILABLE,ORIGINATION_DB
L-100408,B-30708,VA,2022-12-09,2052-12-09,468981.36,203917.18,7.328,360,GA,PURCHASE,A,8-10 years,$50k-$100k,CURRENT,0,Servicer_C,2024-02-25,2026-09-14T16:24:39,AVAILABLE,ORIGINATION_DB
L-100825,B-36693,VA,2022-12-08,2032-12-07,401732.05,50793.87,4.397,120,IL,PURCHASE,D,1-3 years,$0-$50k,CURRENT,0,Servicer_C,2024-02-23,2026-09-14T16:24:39,AVAILABLE,ORIGINATION_DB
L-100680,B-18688,FHA,2023-07-16,2038-07-16,396987.24,164317.4,7.33,180,FL,CASH_OUT,D,1-3 years,$100k-$150k,CURRENT,0,Servicer_B,2024-02-22,2026-09-14T16:24:39,AVAILABLE,ORIGINATION_DB
L-100360,B-92057,VA,2015-02-28,2045-02-28,195058.74,96187.27,6.6,360,PA,REFINANCE,B,10+ years,$0-$50k,CURRENT,0,Servicer_C,2024-01-23,2026-09-14T16:24:39,AVAILABLE,ORIGINATION_DB
L-100769,B-81797,CONVENTIONAL,2017-05-21,2027-05-21,386108.87,311378.13,5.114,120,IL,PURCHASE,A,< 1 year,$50k-$100k,CURRENT,0,Servicer_A,2024-01-26,2026-09-14T16:24:39,AVAILABLE,ORIGINATION_DB
L-100172,B-34086,VA,2016-07-11,2046-07-13,164702.92,154812.23,3.988,360,NY,CASH_OUT,B,< 1 year,$100k-$150k,CURRENT,0,Servicer_A,2024-01-24,2026-09-14T16:24:39,AVAILABLE,ORIGINATION_DB
L-100081,B-57523,FHA,2019-06-28,2029-06-28,365529.29,83152.91,6.865,120,GA,REFINANCE,A,< 1 year,$100k-$150k,CURRENT,0,Servicer_A,2024-02-25,2026-09-14T16:24:39,AVAILABLE,ORIGINATION_DB
L-100501,B-23209,JUMBO,2020-08-07,2035-08-09,73306.82,33851.37,7.326,180,OH,PURCHASE,B,10+ years,$150k+,CURRENT,0,Servicer_A,2024-01-20,2026-09-14T16:24:39,AVAILABLE,ORIGINATION_DB
L-100941,B-51278,CONVENTIONAL,2017-06-02,2047-06-03,311975.34,207990.35,2.841,360,NY,CASH_OUT,D,10+ years,$0-$50k,CURRENT,0,Servicer_A,2024-01-03,2026-09-14T16:24:39,AVAILABLE,ORIGINATION_DB
L-100664,B-22241,JUMBO,2023-04-20,2033-04-20,383600.91,76921.09,5.068,120,NY,CASH_OUT,A,4-7 years,$100k-$150k,CURRENT,0,Servicer_C,2024-02-06,2026-09-14T16:24:39,AVAILABLE,ORIGINATION_DB
L-100528,B-23178,JUMBO,2022-05-30,2037-05-30,158071.06,124497.53,4.501,180,GA,PURCHASE,B,1-3 years,$150k+,CURRENT,0,Servicer_A,2024-01-02,2026-09-14T16:24:39,AVAILABLE,ORIGINATION_DB
L-100305,B-95022,JUMBO,2018-08-07,2033-08-07,366853.05,43190.63,7.256,180,GA,REFINANCE,D,10+ years,$100k-$150k,CURRENT,0,Servicer_B,2024-01-05,2026-09-14T16:24:39,AVAILABLE,ORIGINATION_DB
L-100212,B-56426,CONVENTIONAL,2018-10-23,2048-10-24,280146.79,179857.36,2.958,360,MI,REFINANCE,B,1-3 years,$100k-$150k,CURRENT,0,Servicer_B,2024-02-19,2026-09-14T16:24:39,AVAILABLE,ORIGINATION_DB
L-100452,B-90938,FHA,2019-01-24,2034-01-24,405478.24,-1500.0,2.921,180,NY,REFINANCE,C,4-7 years,$0-$50k,CURRENT,0,Servicer_B,2024-02-18,2026-09-14T16:24:39,AVAILABLE,ORIGINATION_DB
L-100692,B-20077,FHA,2019-04-17,2029-04-16,263813.07,53971.56,3.209,120,NY,PURCHASE,D,< 1 year,$150k+,CURRENT,0,Servicer_A,2024-01-19,2026-09-14T16:24:39,AVAILABLE,ORIGINATION_DB
L-100302,B-67522,VA,2019-02-07,2034-02-07,258972.96,80481.26,3.032,180,OH,REFINANCE,B,< 1 year,$0-$50k,CURRENT,0,Servicer_A,2024-02-06,2026-09-14T16:24:39,AVAILABLE,ORIGINATION_DB
L-100399,B-32615,CONVENTIONAL,2020-09-22,2050-09-23,434344.18,346677.39,6.029,360,PA,REFINANCE,B,10+ years,$100k-$150k,CURRENT,0,Servicer_C,2024-02-11,2026-09-14T16:24:39,AVAILABLE,ORIGINATION_DB
L-100020,B-97283,JUMBO,2023-03-15,2038-03-16,444662.39,315238.94,6.078,180,TX,REFINANCE,A,4-7 years,$50k-$100k,CURRENT,0,Servicer_C,2024-02-12,2026-09-14T16:24:39,AVAILABLE,ORIGINATION_DB
L-100553,B-96609,CONVENTIONAL,2015-10-12,2025-10-12,77375.28,15835.81,6.154,120,GA,PURCHASE,D,1-3 years,$50k-$100k,CURRENT,0,Servicer_B,2024-02-12,2026-09-14T16:24:39,AVAILABLE,ORIGINATION_DB
L-100924,B-69989,CONVENTIONAL,2019-01-05,2029-01-04,421330.41,331354.58,4.182,120,TX,REFINANCE,A,1-3 years,$0-$50k,CURRENT,0,Servicer_B,2024-02-27,2026-09-14T16:24:39,AVAILABLE,ORIGINATION_DB
L-100519,B-66299,VA,2023-02-18,2038-02-18,274679.0,41055.46,3.51,180,CA,PURCHASE,C,8-10 years,$0-$50k,CURRENT,0,Servicer_B,2024-02-16,2026-09-14T16:24:39,AVAILABLE,ORIGINATION_DB
L-100029,B-62837,VA,2023-06-30,2033-06-29,356130.46,162657.13,5.94,120,OH,REFINANCE,B,10+ years,$150k+,CURRENT,0,Servicer_A,2024-02-29,2026-09-14T16:24:39,AVAILABLE,ORIGINATION_DB
L-100218,B-38846,FHA,2016-12-22,2031-12-23,259936.84,48776.21,6.408,180,CA,REFINANCE,A,< 1 year,$0-$50k,CURRENT,0,Servicer_A,2024-01-14,2026-09-14T16:24:39,AVAILABLE,ORIGINATION_DB
L-100323,B-43431,VA,2017-06-24,2027-06-25,484177.93,142784.02,2.962,120,NY,PURCHASE,A,8-10 years,$50k-$100k,CURRENT,0,Servicer_B,2024-02-08,2026-09-14T16:24:39,AVAILABLE,ORIGINATION_DB
L-100945,B-88940,CONVENTIONAL,2017-08-12,2047-08-13,423076.35,243346.43,3.666,360,TX,PURCHASE,C,< 1 year,$50k-$100k,CURRENT,0,Servicer_A,2024-01-31,2026-09-14T16:24:39,AVAILABLE,ORIGINATION_DB
L-100228,B-91152,CONVENTIONAL,2021-03-06,2051-03-08,448052.94,331962.3,6.308,360,OH,PURCHASE,B,1-3 years,$150k+,CURRENT,0,Servicer_C,2024-01-02,2026-09-14T16:24:39,AVAILABLE,ORIGINATION_DB
L-100041,B-51978,JUMBO,2018-03-24,2048-03-25,252488.55,42055.76,3.343,360,NY,REFINANCE,A,10+ years,$50k-$100k,CURRENT,0,Servicer_C,2024-02-04,2026-09-14T16:24:39,AVAILABLE,ORIGINATION_DB
L-100086,B-71915,VA,2020-01-23,2050-01-24,491428.55,435257.09,7.072,360,FL,REFINANCE,D,8-10 years,$100k-$150k,CURRENT,0,Servicer_C,2024-02-01,2026-09-14T16:24:39,AVAILABLE,ORIGINATION_DB
L-100036,B-99206,VA,2021-09-24,2036-09-25,461232.99,166543.55,5.623,180,NC,PURCHASE,C,< 1 year,$150k+,CURRENT,0,Servicer_C,2024-01-15,2026-09-14T16:24:39,AVAILABLE,ORIGINATION_DB
L-100384,B-31432,CONVENTIONAL,2015-12-28,2025-12-28,226723.88,93132.38,5.179,120,CA,REFINANCE,B,8-10 years,$150k+,CURRENT,0,Servicer_B,2024-02-10,2026-09-14T16:24:39,AVAILABLE,ORIGINATION_DB
L-100096,B-88835,CONVENTIONAL,2021-08-06,2051-08-07,430278.13,299478.44,7.07,360,OH,REFINANCE,C,1-3 years,$150k+,CURRENT,0,Servicer_B,2024-01-03,2026-09-14T16:24:39,AVAILABLE,ORIGINATION_DB
L-100957,B-67561,VA,2017-07-22,2027-07-23,59747.64,55261.61,4.122,120,NY,REFINANCE,C,8-10 years,$100k-$150k,CURRENT,0,Servicer_A,2024-01-07,2026-09-14T16:24:39,AVAILABLE,ORIGINATION_DB
L-100136,B-76955,VA,2019-11-02,2034-11-03,259650.48,50000.0,6.856,180,TX,PURCHASE,D,< 1 year,$50k-$100k,CLOSED,0,Servicer_C,2024-01-06,2026-09-14T16:24:39,AVAILABLE,ORIGINATION_DB
L-100616,B-33996,FHA,2019-10-22,2049-10-22,261371.03,194390.75,3.105,360,MI,CASH_OUT,C,10+ years,$50k-$100k,CURRENT,0,Servicer_A,2024-02-04,2026-09-14T16:24:39,AVAILABLE,ORIGINATION_DB
L-100731,B-56196,JUMBO,2017-08-25,2027-08-25,322493.46,300652.49,7.137,120,GA,REFINANCE,A,< 1 year,$100k-$150k,CURRENT,0,Servicer_B,2024-02-21,2026-09-14T16:24:39,AVAILABLE,ORIGINATION_DB
L-100634,B-45301,VA,2015-04-09,2025-04-09,286049.36,140143.53,3.397,120,FL,PURCHASE,D,< 1 year,$0-$50k,CURRENT,0,Servicer_A,2024-01-07,2026-09-14T16:24:39,AVAILABLE,ORIGINATION_DB
L-100966,B-24923,FHA,2018/01/14,2048-01-16,159615.12,72192.69,3.524,360,IL,PURCHASE,C,1-3 years,$0-$50k,CURRENT,0,Servicer_B,2024-02-05,2026-09-14T16:24:39,AVAILABLE,ORIGINATION_DB
L-100923,B-16757,JUMBO,2023-07-18,2053-07-19,185278.67,51141.04,4.651,360,IL,REFINANCE,B,8-10 years,$100k-$150k,CURRENT,0,Servicer_A,2024-02-24,2026-09-14T16:24:39,AVAILABLE,ORIGINATION_DB
L-100665,B-17294,JUMBO,2015-01-01,2025-01-01,332562.92,184015.83,7.208,120,FL,PURCHASE,D,4-7 years,$0-$50k,CURRENT,0,Servicer_C,2024-01-23,2026-09-14T16:24:39,AVAILABLE,ORIGINATION_DB
L-100746,B-18344,JUMBO,2017-04-01,2032-04-01,53056.16,28349.64,2.911,180,MI,REFINANCE,C,1-3 years,$150k+,CURRENT,0,Servicer_B,2024-02-29,2026-09-14T16:24:39,AVAILABLE,ORIGINATION_DB
L-100626,B-22475,FHA,2021-01-07,2051-01-08,441990.0,195119.19,7.219,360,GA,CASH_OUT,C,10+ years,$150k+,CURRENT,0,Servicer_B,2024-02-29,2026-09-14T16:24:39,AVAILABLE,ORIGINATION_DB
L-100558,B-75052,CONVENTIONAL,2015-03-04,2030-03-04,167264.16,151958.0,6.154,180,TX,REFINANCE,A,4-7 years,$0-$50k,CURRENT,0,Servicer_A,2024-01-20,2026-09-14T16:24:39,AVAILABLE,ORIGINATION_DB
L-100737,B-12357,CONVENTIONAL,2021-10-13,2036-10-13,139058.03,115450.25,4.238,180,OH,CASH_OUT,A,4-7 years,$0-$50k,CURRENT,0,Servicer_B,2024-01-02,2026-09-14T16:24:39,AVAILABLE,ORIGINATION_DB
L-100808,B-57372,CONVENTIONAL,2017-02-12,2047-02-13,203523.85,36070.37,4.811,360,MI,REFINANCE,D,4-7 years,$0-$50k,CURRENT,0,Servicer_A,2024-02-10,2026-09-14T16:24:39,AVAILABLE,ORIGINATION_DB
L-100189,B-57144,FHA,2018-08-05,2033-08-05,77994.85,70064.52,4.999,180,PA,PURCHASE,B,4-7 years,$150k+,CURRENT,0,Servicer_A,2024-02-21,2026-09-14T16:24:39,AVAILABLE,ORIGINATION_DB
L-100487,B-31891,FHA,2023-04-17,2053-04-18,449380.44,224743.58,6.034,360,MI,CASH_OUT,A,10+ years,$0-$50k,CURRENT,0,Servicer_A,2024-02-04,2026-09-14T16:24:39,AVAILABLE,ORIGINATION_DB
L-100245,B-56983,JUMBO,2016-03-14,2031-03-15,74966.51,11922.89,5.685,180,NC,CASH_OUT,D,4-7 years,$0-$50k,CURRENT,0,Servicer_C,2024-01-22,2026-09-14T16:24:39,AVAILABLE,ORIGINATION_DB
L-100284,B-50961,FHA,2022-07-15,2037-07-15,302123.33,241556.15,6.928,180,MI,PURCHASE,D,< 1 year,$100k-$150k,CURRENT,0,Servicer_A,2024-01-06,2026-09-14T16:24:39,AVAILABLE,ORIGINATION_DB
L-100362,B-60794,JUMBO,2020-01-28,2035-01-28,92368.44,86785.48,7.205,180,MI,PURCHASE,D,8-10 years,$50k-$100k,CURRENT,0,Servicer_A,2024-01-27,2026-09-14T16:24:39,AVAILABLE,ORIGINATION_DB
L-100566,B-60789,VA,2021-08-04,2031-08-05,427294.67,145339.63,7.411,120,CA,REFINANCE,B,1-3 years,$100k-$150k,CURRENT,0,Servicer_A,2024-02-11,2026-09-14T16:24:39,AVAILABLE,ORIGINATION_DB
L-100285,B-78843,FHA,2022-06-09,2052-06-09,425846.88,145363.17,7.125,360,FL,CASH_OUT,A,4-7 years,$100k-$150k,CURRENT,0,Servicer_C,2024-02-07,2026-09-14T16:24:39,AVAILABLE,ORIGINATION_DB
L-100031,B-86403,CONVENTIONAL,2015-11-06,2045-11-06,248335.46,79878.43,3.099,360,FL,CASH_OUT,A,10+ years,$50k-$100k,CURRENT,0,Servicer_B,2024-02-25,2026-09-14T16:24:39,AVAILABLE,ORIGINATION_DB
L-100622,B-86140,JUMBO,2021-08-08,2036-08-08,416140.6,212255.01,5.777,180,NC,CASH_OUT,A,4-7 years,$100k-$150k,CURRENT,0,Servicer_C,2024-02-05,2026-09-14T16:24:39,AVAILABLE,ORIGINATION_DB
L-100551,B-35695,VA,2016-10-09,2046-10-10,179920.72,103050.52,4.439,360,GA,CASH_OUT,C,10+ years,$50k-$100k,CURRENT,0,Servicer_B,2024-01-31,2026-09-14T16:24:39,AVAILABLE,ORIGINATION_DB
L-100859,B-13425,CONVENTIONAL,2020-04-01,2050-04-03,98473.93,83220.71,3.495,360,OH,CASH_OUT,D,1-3 years,$0-$50k,CURRENT,0,Servicer_C,2024-01-16,2026-09-14T16:24:39,AVAILABLE,ORIGINATION_DB
L-100607,B-99552,VA,2019-02-17,2049-02-18,299159.65,245521.58,5.598,360,IL,REFINANCE,D,4-7 years,$0-$50k,CURRENT,0,Servicer_B,2024-02-24,2026-09-14T16:24:39,AVAILABLE,ORIGINATION_DB
L-100022,B-48895,VA,2015-06-15,2025-06-15,410754.58,321595.03,4.176,120,IL,CASH_OUT,D,8-10 years,$0-$50k,CURRENT,0,Servicer_B,2024-01-31,2026-09-14T16:24:39,AVAILABLE,ORIGINATION_DB
L-100386,B-79967,CONVENTIONAL,2021-08-18,2031-08-18,236505.05,175015.47,6.397,120,NC,PURCHASE,C,8-10 years,$50k-$100k,CURRENT,0,Servicer_B,2024-02-21,2026-09-14T16:24:39,AVAILABLE,ORIGINATION_DB
L-100509,B-76733,CONVENTIONAL,2017-06-19,2032-06-19,95432.46,55064.45,6.699,180,GA,REFINANCE,D,< 1 year,$100k-$150k,CURRENT,0,Servicer_B,2024-01-12,2026-09-14T16:24:39,AVAILABLE,ORIGINATION_DB
L-100866,B-72453,CONVENTIONAL,2022-01-19,2052-01-20,332214.16,67746.98,3.779,360,NC,REFINANCE,D,8-10 years,$150k+,CURRENT,0,Servicer_C,2024-01-10,2026-09-14T16:24:39,AVAILABLE,ORIGINATION_DB
L-100059,B-14395,FHA,2016-04-16,2031-04-17,431459.08,346335.23,3.919,180,CA,PURCHASE,C,< 1 year,$150k+,CURRENT,0,Servicer_C,2024-01-06,2026-09-14T16:24:39,AVAILABLE,ORIGINATION_DB
L-100915,B-98727,JUMBO,2019-04-03,2029-04-02,94777.66,32954.4,7.404,120,PA,PURCHASE,D,8-10 years,$150k+,CURRENT,0,Servicer_A,2024-01-08,2026-09-14T16:24:39,AVAILABLE,ORIGINATION_DB
L-100473,B-28048,FHA,2023-05-04,2033-05-04,152382.81,33671.3,4.595,120,PA,PURCHASE,A,8-10 years,$50k-$100k,CURRENT,0,Servicer_B,2024-02-28,2026-09-14T16:24:39,AVAILABLE,ORIGINATION_DB
L-100101,B-44859,JUMBO,2018-12-14,2048-12-14,319323.96,79513.82,6.786,360,MI,CASH_OUT,B,1-3 years,$100k-$150k,CURRENT,0,Servicer_A,2024-01-15,2026-09-14T16:24:39,AVAILABLE,ORIGINATION_DB
L-100200,B-61875,CONVENTIONAL,2020-02-05,2035-02-05,404416.78,199743.55,5.922,180,GA,REFINANCE,A,10+ years,$50k-$100k,CURRENT,0,Servicer_C,2024-01-24,2026-09-14T16:24:39,AVAILABLE,ORIGINATION_DB
L-100636,B-70036,VA,2016-09-07,2031-09-08,303468.7,33759.37,3.467,180,TX,REFINANCE,C,< 1 year,$100k-$150k,CURRENT,0,Servicer_C,2024-01-09,2026-09-14T16:24:39,AVAILABLE,ORIGINATION_DB
L-100149,B-70532,FHA,2021-02-25,2031-02-26,294252.63,269262.83,2.546,120,IL,CASH_OUT,B,10+ years,$150k+,CURRENT,0,Servicer_C,2024-01-27,2026-09-14T16:24:39,AVAILABLE,ORIGINATION_DB
L-100413,B-60120,FHA,2018-11-04,2048-11-05,475363.23,145323.99,3.198,360,MI,PURCHASE,B,4-7 years,$100k-$150k,CURRENT,0,Servicer_A,2024-02-16,2026-09-14T16:24:39,AVAILABLE,ORIGINATION_DB
L-100771,B-10812,CONVENTIONAL,2021-01-09,2036-01-10,366104.59,317806.09,4.075,180,FL,REFINANCE,C,< 1 year,$100k-$150k,CURRENT,0,Servicer_A,2024-02-13,2026-09-14T16:24:39,AVAILABLE,ORIGINATION_DB
L-100347,B-15120,FHA,2015-03-31,2030-03-31,287700.44,68325.13,6.2,180,NY,CASH_OUT,C,< 1 year,$0-$50k,CURRENT,0,Servicer_A,2024-01-19,2026-09-14T16:24:39,AVAILABLE,ORIGINATION_DB
L-100407,B-15145,JUMBO,2017-09-29,2047-09-30,404368.41,188363.73,2.878,360,NC,REFINANCE,B,8-10 years,$50k-$100k,CURRENT,0,Servicer_C,2024-02-11,2026-09-14T16:24:39,AVAILABLE,ORIGINATION_DB
L-100397,B-95244,VA,2023-04-15,2038-04-15,244893.23,98884.96,2.518,180,MI,CASH_OUT,C,< 1 year,$50k-$100k,CURRENT,0,Servicer_B,2024-01-27,2026-09-14T16:24:39,AVAILABLE,ORIGINATION_DB
L-100069,B-61661,CONVENTIONAL,2015-01-16,2025-01-16,80920.52,60475.81,4.11,120,TX,CASH_OUT,A,8-10 years,$100k-$150k,CURRENT,0,Servicer_A,2024-02-02,2026-09-14T16:24:39,AVAILABLE,ORIGINATION_DB
L-100379,B-74001,VA,2015-08-10,2030-08-10,230630.48,106099.35,6.239,180,TX,PURCHASE,A,4-7 years,$100k-$150k,CURRENT,0,Servicer_A,2024-02-03,2026-09-14T16:24:39,AVAILABLE,ORIGINATION_DB
L-100058,B-32852,FHA,2021-07-13,2036-07-13,432050.02,77296.4,6.859,180,PA,PURCHASE,A,< 1 year,$100k-$150k,CURRENT,0,Servicer_B,2024-01-19,2026-09-14T16:24:39,AVAILABLE,ORIGINATION_DB
L-100633,B-82316,CONVENTIONAL,2015-10-21,2045-10-21,421610.95,50200.25,6.438,360,MI,CASH_OUT,D,4-7 years,$0-$50k,CURRENT,0,Servicer_B,2024-01-24,2026-09-14T16:24:39,AVAILABLE,ORIGINATION_DB
L-100167,B-17620,VA,2016-05-04,2046-05-06,272252.94,48597.71,7.304,360,NY,REFINANCE,A,10+ years,$150k+,CURRENT,0,Servicer_B,2024-02-22,2026-09-14T16:24:39,AVAILABLE,ORIGINATION_DB
L-100418,B-79250,FHA,2015-11-27,2045-11-28,286532.3,103890.03,5.873,360,IL,CASH_OUT,D,10+ years,$0-$50k,CURRENT,0,Servicer_B,2024-01-28,2026-09-14T16:24:39,AVAILABLE,ORIGINATION_DB
L-100455,B-46911,FHA,2022-07-17,2037-07-17,487001.15,219980.79,3.85,180,NC,PURCHASE,C,< 1 year,$0-$50k,CURRENT,0,Servicer_A,2024-02-15,2026-09-14T16:24:39,AVAILABLE,ORIGINATION_DB
L-100313,B-61443,VA,2020-05-25,2050-05-27,254671.92,118715.17,4.78,360,NY,PURCHASE,C,4-7 years,$100k-$150k,CURRENT,0,Servicer_B,2024-01-07,2026-09-14T16:24:39,AVAILABLE,ORIGINATION_DB
L-100070,B-27421,JUMBO,2019-06-05,2029-06-05,95045.59,27475.92,5.455,120,FL,CASH_OUT,A,4-7 years,$150k+,CURRENT,0,Servicer_B,2024-01-06,2026-09-14T16:24:39,AVAILABLE,ORIGINATION_DB
L-100819,B-75280,JUMBO,2019-03-16,2029-03-16,372742.24,325547.19,4.892,120,NC,PURCHASE,C,4-7 years,$100k-$150k,CURRENT,0,Servicer_A,2024-02-17,2026-09-14T16:24:39,AVAILABLE,ORIGINATION_DB
L-100510,B-39838,CONVENTIONAL,2021-12-27,2031-12-27,471146.49,244122.2,7.097,120,NY,CASH_OUT,C,< 1 year,$100k-$150k,CURRENT,0,Servicer_A,2024-01-06,2026-09-14T16:24:39,AVAILABLE,ORIGINATION_DB
L-100376,B-97914,VA,2022-08-22,2037-08-23,227460.7,54183.44,5.569,180,NC,PURCHASE,B,1-3 years,$0-$50k,CURRENT,0,Servicer_C,2024-01-17,2026-09-14T16:24:39,AVAILABLE,ORIGINATION_DB
,B-40494,VA,2016-09-13,2026-09-14,97777.98,70055.49,3.29,120,FL,CASH_OUT,A,10+ years,$100k-$150k,CURRENT,0,Servicer_B,2024-02-01,2026-09-14T16:24:39,AVAILABLE,ORIGINATION_DB
L-100515,B-26850,VA,2023-12-28,2038-12-28,456594.43,217310.42,3.105,180,FL,CASH_OUT,D,10+ years,$0-$50k,CURRENT,0,Servicer_A,2024-02-05,2026-09-14T16:24:39,AVAILABLE,ORIGINATION_DB
L-100045,B-94197,JUMBO,2019-07-25,2049-07-25,375751.93,121044.82,5.525,360,PA,PURCHASE,A,< 1 year,$100k-$150k,CURRENT,0,Servicer_A,2024-02-06,2026-09-14T16:24:39,AVAILABLE,ORIGINATION_DB
L-100965,B-86147,CONVENTIONAL,2018-08-30,2033-08-30,308061.15,141829.23,5.304,180,NY,PURCHASE,C,10+ years,$0-$50k,CURRENT,0,Servicer_A,2024-01-23,2026-09-14T16:24:39,AVAILABLE,ORIGINATION_DB
L-100583,B-26268,JUMBO,2023-04-17,2053-04-17,149418.97,104814.25,4.616,360,OH,REFINANCE,B,10+ years,$0-$50k,CURRENT,0,Servicer_A,2024-02-08,2026-09-14T16:24:39,AVAILABLE,ORIGINATION_DB
L-100554,B-44821,FHA,2020-07-08,2050-07-09,126355.49,109319.75,6.288,360,PA,CASH_OUT,B,8-10 years,$0-$50k,CURRENT,0,Servicer_C,2024-02-28,2026-09-14T16:24:39,AVAILABLE,ORIGINATION_DB
L-100914,B-67447,FHA,2015-02-11,2025-02-10,391639.55,82959.43,7.407,120,PA,CASH_OUT,C,4-7 years,$100k-$150k,CURRENT,0,Servicer_A,2024-02-15,2026-09-14T16:24:39,AVAILABLE,ORIGINATION_DB
L-100884,B-42846,FHA,2016-10-28,2026-10-29,444153.2,311618.74,5.19,120,PA,REFINANCE,C,4-7 years,$0-$50k,CURRENT,0,Servicer_B,2024-02-11,2026-09-14T16:24:39,AVAILABLE,ORIGINATION_DB
L-100173,B-37864,CONVENTIONAL,2016-08-18,2026-08-19,70880.91,19147.31,5.065,120,NC,REFINANCE,A,10+ years,$100k-$150k,CURRENT,0,Servicer_A,2024-02-22,2026-09-14T16:24:39,AVAILABLE,ORIGINATION_DB
L-100479,B-72918,VA,2019-04-25,2034-04-25,461377.06,259237.74,5.989,180,MI,CASH_OUT,A,1-3 years,$50k-$100k,CURRENT,0,Servicer_B,2024-01-12,2026-09-14T16:24:39,AVAILABLE,ORIGINATION_DB
L-100389,B-50133,CONVENTIONAL,2015-11-02,2025-11-02,461502.39,297090.77,2.882,120,CA,PURCHASE,B,1-3 years,$100k-$150k,CURRENT,0,Servicer_C,2024-02-06,2026-09-14T16:24:39,AVAILABLE,ORIGINATION_DB
L-100755,B-51962,VA,2022-09-23,2032-09-22,159749.28,64609.37,6.87,120,IL,CASH_OUT,B,< 1 year,$0-$50k,CURRENT,0,Servicer_C,2024-02-01,2026-09-14T16:24:39,AVAILABLE,ORIGINATION_DB
L-100111,B-76337,VA,2020-03-09,2030-03-09,428083.28,294958.12,7.141,120,OH,REFINANCE,B,< 1 year,$50k-$100k,CURRENT,0,Servicer_B,2024-02-24,2026-09-14T16:24:39,AVAILABLE,ORIGINATION_DB
L-100443,B-77536,VA,2018-09-04,2048-09-04,292571.34,100296.04,3.194,360,TX,PURCHASE,D,10+ years,$100k-$150k,CURRENT,0,Servicer_B,2024-02-26,2026-09-14T16:24:39,AVAILABLE,ORIGINATION_DB
L-100588,B-73244,JUMBO,2017-07-13,2027-07-14,320566.23,242260.34,3.998,120,CA,REFINANCE,D,10+ years,$50k-$100k,CURRENT,0,Servicer_B,2024-02-04,2026-09-14T16:24:39,AVAILABLE,ORIGINATION_DB
L-100577,B-25854,VA,2022-10-26,2037-10-26,298300.0,163786.06,5.494,180,OH,REFINANCE,D,1-3 years,$0-$50k,CURRENT,0,Servicer_B,2024-01-30,2026-09-14T16:24:39,AVAILABLE,ORIGINATION_DB
L-100776,B-99886,FHA,2015-05-13,2030-05-13,457093.29,94924.1,3.104,180,TX,REFINANCE,D,8-10 years,$0-$50k,CURRENT,0,Servicer_B,2024-01-27,2026-09-14T16:24:39,AVAILABLE,ORIGINATION_DB
L-100373,B-56044,VA,2015-07-07,2030-07-07,205858.32,54289.36,2.631,180,PA,CASH_OUT,D,10+ years,$50k-$100k,CURRENT,0,Servicer_B,2024-01-11,2026-09-14T16:24:39,AVAILABLE,ORIGINATION_DB
L-100609,B-77687,JUMBO,2020-08-31,2030-08-31,434827.34,124909.11,4.557,120,IL,REFINANCE,D,1-3 years,$150k+,CURRENT,0,Servicer_C,2024-02-12,2026-09-14T16:24:39,AVAILABLE,ORIGINATION_DB
L-100064,B-84329,CONVENTIONAL,2016-03-29,2026-03-30,160161.01,78004.55,2.806,120,PA,REFINANCE,A,< 1 year,$50k-$100k,CURRENT,0,Servicer_A,2024-01-16,2026-09-14T16:24:39,AVAILABLE,ORIGINATION_DB
L-100329,B-40308,JUMBO,2023-02-17,2033-02-17,450199.8,80200.73,3.521,120,GA,CASH_OUT,B,1-3 years,$0-$50k,CURRENT,0,Servicer_C,2024-01-05,2026-09-14T16:24:39,AVAILABLE,ORIGINATION_DB
L-100446,B-85134,JUMBO,2023-11-16,2033-11-16,169718.83,69948.18,7.22,120,TX,CASH_OUT,D,8-10 years,$150k+,CURRENT,0,Servicer_C,2024-02-01,2026-09-14T16:24:39,AVAILABLE,ORIGINATION_DB
L-100366,B-42977,FHA,2017-01-17,2047-01-18,496810.9,80994.17,4.357,360,NC,PURCHASE,B,10+ years,$150k+,CURRENT,0,Servicer_B,2024-01-24,2026-09-14T16:24:39,AVAILABLE,ORIGINATION_DB
L-100708,B-86019,VA,2022-09-17,2032-09-17,306619.81,177936.1,3.711,120,CA,PURCHASE,B,1-3 years,$150k+,CURRENT,0,Servicer_C,2024-02-08,2026-09-14T16:24:39,AVAILABLE,ORIGINATION_DB
L-100436,B-39096,FHA,2019-06-11,2034-06-12,214738.46,97909.28,7.017,180,CA,PURCHASE,D,1-3 years,$150k+,CURRENT,0,Servicer_B,2024-01-28,2026-09-14T16:24:39,AVAILABLE,ORIGINATION_DB
L-100314,B-64355,FHA,2017-06-28,2047-06-30,303262.48,47720.57,3.728,360,NY,PURCHASE,A,8-10 years,$150k+,CURRENT,0,Servicer_B,2024-01-18,2026-09-14T16:24:39,AVAILABLE,ORIGINATION_DB
L-100320,B-58229,JUMBO,2017-03-26,2032-03-26,320683.25,293777.73,3.726,180,FL,REFINANCE,B,1-3 years,$50k-$100k,CURRENT,0,Servicer_C,2024-02-01,2026-09-14T16:24:39,AVAILABLE,ORIGINATION_DB
L-100996,B-21413,CONVENTIONAL,2020-11-26,2035-11-27,403178.83,233854.16,6.638,180,GA,REFINANCE,B,< 1 year,$50k-$100k,CURRENT,0,Servicer_A,2024-02-09,2026-09-14T16:24:39,AVAILABLE,ORIGINATION_DB
L-100717,B-34430,CONVENTIONAL,2017-03-20,2027-03-21,243468.64,180062.17,2.711,120,TX,PURCHASE,A,8-10 years,$100k-$150k,CURRENT,0,Servicer_B,2024-02-14,2026-09-14T16:24:39,AVAILABLE,ORIGINATION_DB
L-100869,B-71925,CONVENTIONAL,2021-11-20,2031-11-21,436406.11,150473.69,6.093,120,OH,REFINANCE,D,8-10 years,$150k+,CURRENT,0,Servicer_C,2024-01-25,2026-09-14T16:24:39,AVAILABLE,ORIGINATION_DB
L-100975,B-90664,FHA,2021-06-04,2051-06-05,90517.89,16152.81,3.122,360,MI,PURCHASE,B,8-10 years,$0-$50k,CURRENT,0,Servicer_B,2024-01-30,2026-09-14T16:24:39,AVAILABLE,ORIGINATION_DB
L-100272,B-24432,FHA,2018-04-21,2033-04-21,50322.24,17147.18,3.08,180,OH,REFINANCE,D,1-3 years,$0-$50k,CURRENT,0,Servicer_A,2024-02-13,2026-09-14T16:24:39,AVAILABLE,ORIGINATION_DB
L-100490,B-68686,VA,2015-12-02,2045-12-02,179343.5,65319.47,3.093,360,OH,CASH_OUT,C,< 1 year,$100k-$150k,CURRENT,0,Servicer_C,2024-02-03,2026-09-14T16:24:39,AVAILABLE,ORIGINATION_DB
L-100617,B-83971,JUMBO,2018-09-03,2028-09-03,124762.19,118153.36,5.058,120,NY,PURCHASE,A,10+ years,$100k-$150k,CURRENT,0,Servicer_B,2024-01-02,2026-09-14T16:24:39,AVAILABLE,ORIGINATION_DB
L-100475,B-44679,JUMBO,2022-03-29,2052-03-29,473010.57,428401.79,6.542,360,PA,PURCHASE,C,1-3 years,$50k-$100k,CURRENT,0,Servicer_A,2024-01-18,2026-09-14T16:24:39,AVAILABLE,ORIGINATION_DB
L-100795,B-57745,VA,2016-01-17,2046-01-17,493957.83,398850.89,6.762,360,OH,CASH_OUT,D,1-3 years,$0-$50k,CURRENT,0,Servicer_A,2024-01-10,2026-09-14T16:24:39,AVAILABLE,ORIGINATION_DB
L-100644,B-54448,FHA,2022-04-28,2032-04-28,261189.85,176643.65,3.696,120,PA,PURCHASE,D,1-3 years,$0-$50k,CURRENT,0,Servicer_A,2024-02-09,2026-09-14T16:24:39,AVAILABLE,ORIGINATION_DB
L-100435,B-61066,CONVENTIONAL,2021-01-30,2051-01-31,85590.65,57572.38,6.242,360,TX,REFINANCE,A,< 1 year,$100k-$150k,CURRENT,0,Servicer_B,2024-02-08,2026-09-14T16:24:39,AVAILABLE,ORIGINATION_DB
L-100671,B-68124,JUMBO,2015-06-15,2045-06-16,386575.42,262054.82,6.426,360,PA,PURCHASE,C,< 1 year,$100k-$150k,CURRENT,0,Servicer_C,2024-01-27,2026-09-14T16:24:39,AVAILABLE,ORIGINATION_DB
L-100533,B-10254,CONVENTIONAL,2019-06-21,2034-06-21,416541.35,259211.68,2.748,180,OH,CASH_OUT,A,8-10 years,$150k+,CURRENT,0,Servicer_B,2024-01-18,2026-09-14T16:24:39,AVAILABLE,ORIGINATION_DB
L-100094,B-56830,JUMBO,2017-06-06,2047-06-07,323203.93,113576.17,2.711,360,TX,REFINANCE,C,10+ years,$100k-$150k,CURRENT,0,Servicer_C,2024-02-16,2026-09-14T16:24:39,AVAILABLE,ORIGINATION_DB
L-100394,B-49895,VA,2019-06-21,2034-06-21,381331.49,347428.39,4.715,180,GA,REFINANCE,A,4-7 years,$0-$50k,CURRENT,0,Servicer_C,2024-01-27,2026-09-14T16:24:39,AVAILABLE,ORIGINATION_DB
L-100570,B-35251,VA,2015-03-24,2025-03-24,281327.01,169238.48,5.739,120,OH,PURCHASE,A,8-10 years,$50k-$100k,CURRENT,0,Servicer_B,2024-02-02,2026-09-14T16:24:39,AVAILABLE,ORIGINATION_DB
L-100661,B-72274,VA,2023-02-25,2038-02-25,389045.4,204782.76,7.035,180,PA,PURCHASE,C,4-7 years,$100k-$150k,CURRENT,0,Servicer_B,2024-02-09,2026-09-14T16:24:39,AVAILABLE,ORIGINATION_DB
L-100865,B-37198,CONVENTIONAL,2018-12-05,2028-12-05,144391.45,101315.17,5.372,120,PA,CASH_OUT,D,8-10 years,$100k-$150k,CURRENT,0,Servicer_A,2024-02-29,2026-09-14T16:24:39,AVAILABLE,ORIGINATION_DB
L-100855,B-40640,JUMBO,2021-12-26,2051-12-28,225991.97,193743.09,5.769,360,MI,REFINANCE,B,< 1 year,$50k-$100k,CURRENT,0,Servicer_A,2024-01-18,2026-09-14T16:24:39,AVAILABLE,ORIGINATION_DB
L-100959,B-90793,JUMBO,2021-05-30,2031-05-31,467950.62,418423.36,4.46,120,NY,REFINANCE,A,10+ years,$100k-$150k,CURRENT,0,Servicer_A,2024-01-01,2026-09-14T16:24:39,AVAILABLE,ORIGINATION_DB
L-100241,B-99095,FHA,2015-12-11,2030-12-11,456813.49,82729.83,5.112,180,MI,REFINANCE,C,8-10 years,$150k+,CURRENT,0,Servicer_A,2024-02-23,2026-09-14T16:24:39,AVAILABLE,ORIGINATION_DB
L-100494,B-69579,VA,2015-08-21,2025-08-21,279730.95,51512.42,4.616,120,TX,CASH_OUT,D,8-10 years,$150k+,CURRENT,0,Servicer_B,2024-02-16,2026-09-14T16:24:39,AVAILABLE,ORIGINATION_DB
L-100317,B-24286,VA,2022-01-19,2032-01-20,256637.7,79031.62,3.417,120,OH,PURCHASE,A,8-10 years,$50k-$100k,CURRENT,0,Servicer_A,2024-01-01,2026-09-14T16:24:39,AVAILABLE,ORIGINATION_DB
L-100669,B-97454,JUMBO,2022-03-03,2037-03-03,354158.06,133203.35,3.546,180,PA,PURCHASE,C,10+ years,$0-$50k,CURRENT,0,Servicer_C,2024-02-05,2026-09-14T16:24:39,AVAILABLE,ORIGINATION_DB
L-100699,B-12310,FHA,2023-08-06,2053-08-07,244350.42,85359.35,3.831,360,CA,REFINANCE,D,4-7 years,$0-$50k,CURRENT,0,Servicer_C,2024-01-11,2026-09-14T16:24:39,AVAILABLE,ORIGINATION_DB
L-100112,B-49137,JUMBO,2016-11-12,2031-11-13,110261.36,102319.21,5.979,180,CA,REFINANCE,B,1-3 years,$150k+,CURRENT,0,Servicer_A,2024-01-25,2026-09-14T16:24:39,AVAILABLE,ORIGINATION_DB
L-100074,B-24209,CONVENTIONAL,2020-04-29,2050-04-30,79224.21,16928.37,4.11,360,GA,CASH_OUT,C,1-3 years,$150k+,CURRENT,0,Servicer_C,2024-02-10,2026-09-14T16:24:39,AVAILABLE,ORIGINATION_DB
L-100703,B-72471,VA,2023-10-11,2038-10-12,280698.69,79608.99,6.152,180,CA,CASH_OUT,D,4-7 years,$0-$50k,CURRENT,0,Servicer_A,2024-02-08,2026-09-14T16:24:39,AVAILABLE,ORIGINATION_DB
L-100949,B-37533,VA,2019-01-15,2049-01-16,245137.31,27668.2,6.049,360,GA,CASH_OUT,C,1-3 years,$50k-$100k,CURRENT,0,Servicer_A,2024-01-01,2026-09-14T16:24:39,AVAILABLE,ORIGINATION_DB
L-100635,B-77561,CONVENTIONAL,2016-02-04,2046-02-04,349105.04,249153.08,7.042,360,NY,REFINANCE,A,10+ years,$0-$50k,CURRENT,0,Servicer_C,2024-02-20,2026-09-14T16:24:39,AVAILABLE,ORIGINATION_DB
L-100514,B-37745,JUMBO,2020-10-19,2050-10-20,249976.69,35713.05,3.752,360,OH,CASH_OUT,B,8-10 years,$150k+,CURRENT,0,Servicer_C,2024-02-21,2026-09-14T16:24:39,AVAILABLE,ORIGINATION_DB
L-100251,B-83097,FHA,2021-10-31,2036-10-31,189836.38,113100.93,6.055,180,CA,CASH_OUT,C,8-10 years,$0-$50k,CURRENT,0,Servicer_C,2024-01-08,2026-09-14T16:24:39,AVAILABLE,ORIGINATION_DB
L-100153,B-16969,JUMBO,2019-05-18,2034-05-18,335200.5,203936.68,6.046,180,FL,CASH_OUT,B,< 1 year,$100k-$150k,CURRENT,0,Servicer_A,2024-02-11,2026-09-14T16:24:39,AVAILABLE,ORIGINATION_DB
L-100226,B-44388,JUMBO,2019-08-20,2049-08-20,334675.82,167861.53,3.502,360,NY,CASH_OUT,B,< 1 year,$0-$50k,CURRENT,0,Servicer_B,2024-02-17,2026-09-14T16:24:39,AVAILABLE,ORIGINATION_DB
L-100749,B-42306,VA,2017-10-01,2027-10-02,216330.06,169186.56,3.491,120,MI,REFINANCE,C,4-7 years,$150k+,CURRENT,0,Servicer_C,2024-01-10,2026-09-14T16:24:39,AVAILABLE,ORIGINATION_DB
L-100933,B-40367,JUMBO,2019-10-24,2029-10-24,288750.83,66275.81,7.134,120,XX,CASH_OUT,B,4-7 years,$100k-$150k,CURRENT,0,Servicer_B,2024-01-10,2026-09-14T16:24:39,AVAILABLE,ORIGINATION_DB
L-100870,B-94616,CONVENTIONAL,2017-09-21,2047-09-22,337621.99,100548.99,4.902,360,NY,PURCHASE,B,1-3 years,$150k+,CURRENT,0,Servicer_A,2024-01-24,2026-09-14T16:24:39,AVAILABLE,ORIGINATION_DB
L-100286,B-17050,FHA,2020-08-20,2035-08-21,435209.36,202936.72,2.864,180,OH,REFINANCE,D,10+ years,$50k-$100k,CURRENT,0,Servicer_A,2024-02-08,2026-09-14T16:24:39,AVAILABLE,ORIGINATION_DB
L-100459,B-80248,FHA,2017-02-04,2047-02-05,214103.73,179595.05,3.986,360,OH,PURCHASE,B,< 1 year,$50k-$100k,CURRENT,0,Servicer_A,2024-02-08,2026-09-14T16:24:39,AVAILABLE,ORIGINATION_DB
L-100002,B-61062,FHA,2019-08-01,2049-08-02,410961.5,171911.75,3.492,360,TX,PURCHASE,B,10+ years,$0-$50k,CURRENT,0,Servicer_B,2024-01-25,2026-09-14T16:24:39,AVAILABLE,ORIGINATION_DB
L-100186,B-14793,JUMBO,2017-06-28,2032-06-28,133840.79,29813.55,3.346,180,GA,REFINANCE,B,10+ years,$0-$50k,CURRENT,0,Servicer_B,2024-02-23,2026-09-14T16:24:39,AVAILABLE,ORIGINATION_DB
L-100266,B-33910,JUMBO,2020-11-05,2035-11-06,431051.15,243418.92,7.497,180,OH,CASH_OUT,A,4-7 years,$100k-$150k,CURRENT,0,Servicer_C,2024-01-30,2026-09-14T16:24:39,AVAILABLE,ORIGINATION_DB
L-100875,B-58324,FHA,2016-12-06,2031-12-08,145169.65,94588.93,7.399,180,CA,CASH_OUT,B,8-10 years,$150k+,CURRENT,0,Servicer_B,2024-01-18,2026-09-14T16:24:39,AVAILABLE,ORIGINATION_DB
L-100023,B-88458,FHA,2019-07-13,2034-07-14,175598.18,29748.26,6.999,180,NY,REFINANCE,D,10+ years,$0-$50k,CURRENT,0,Servicer_A,2024-02-23,2026-09-14T16:24:39,AVAILABLE,ORIGINATION_DB
L-100040,B-42543,VA,2015-01-05,2045-01-06,91595.18,81318.73,6.284,360,PA,REFINANCE,A,4-7 years,$50k-$100k,CURRENT,0,Servicer_B,2024-01-09,2026-09-14T16:24:39,AVAILABLE,ORIGINATION_DB
L-100835,B-12334,JUMBO,2018-10-30,2033-10-31,97888.28,78780.23,6.102,180,CA,REFINANCE,C,10+ years,$100k-$150k,CURRENT,0,Servicer_B,2024-01-31,2026-09-14T16:24:39,AVAILABLE,ORIGINATION_DB
L-100500,B-80204,JUMBO,2022-05-16,2037-05-16,207586.44,141716.43,5.796,180,NY,CASH_OUT,A,8-10 years,$100k-$150k,CURRENT,0,Servicer_B,2024-02-20,2026-09-14T16:24:39,AVAILABLE,ORIGINATION_DB
L-100833,B-66651,FHA,2019-12-19,2029-12-19,407367.78,308159.28,6.099,120,GA,CASH_OUT,A,1-3 years,$100k-$150k,CURRENT,0,Servicer_B,2024-02-12,2026-09-14T16:24:39,AVAILABLE,ORIGINATION_DB
L-100088,B-86781,VA,2023-07-23,2053-07-23,257505.43,80379.21,6.263,360,FL,REFINANCE,D,< 1 year,$150k+,CURRENT,0,Servicer_C,2024-02-29,2026-09-14T16:24:39,AVAILABLE,ORIGINATION_DB
L-100147,B-89857,FHA,2019-08-10,2049-08-11,240546.83,146210.93,2.709,360,GA,CASH_OUT,B,4-7 years,$0-$50k,CURRENT,0,Servicer_B,2024-01-31,2026-09-14T16:24:39,AVAILABLE,ORIGINATION_DB
L-100166,B-21348,FHA,2017-09-05,2032-09-05,92352.18,48556.49,5.552,180,MI,PURCHASE,A,10+ years,$0-$50k,CURRENT,0,Servicer_B,2024-01-21,2026-09-14T16:24:39,AVAILABLE,ORIGINATION_DB
L-100374,B-11244,CONVENTIONAL,2022-06-24,2037-06-24,159568.35,143716.23,6.945,180,GA,CASH_OUT,D,1-3 years,$0-$50k,CURRENT,0,Servicer_B,2024-01-13,2026-09-14T16:24:39,AVAILABLE,ORIGINATION_DB
L-100137,B-28416,JUMBO,2020-09-20,2050-09-21,339087.62,70084.94,7.306,360,NY,PURCHASE,A,< 1 year,$50k-$100k,CURRENT,0,Servicer_B,2024-02-12,2026-09-14T16:24:39,AVAILABLE,ORIGINATION_DB
L-100887,B-97759,CONVENTIONAL,2018-06-30,2010-01-01,227727.12,49214.98,2.977,360,TX,PURCHASE,A,4-7 years,$150k+,CURRENT,0,Servicer_B,2024-01-30,2026-09-14T16:24:39,AVAILABLE,ORIGINATION_DB
L-100109,B-39930,JUMBO,2019-10-29,2029-10-29,430311.91,53430.66,3.312,120,TX,REFINANCE,B,4-7 years,$100k-$150k,CURRENT,0,Servicer_B,2024-01-10,2026-09-14T16:24:39,AVAILABLE,ORIGINATION_DB
L-100201,B-79313,FHA,2015-11-23,2025-11-23,113749.98,43852.86,6.294,120,GA,CASH_OUT,B,1-3 years,$100k-$150k,CURRENT,0,Servicer_B,2024-02-27,2026-09-14T16:24:39,AVAILABLE,ORIGINATION_DB
L-100790,B-51725,VA,2016-01-23,2031-01-24,440972.27,194004.47,4.888,180,GA,PURCHASE,B,10+ years,$100k-$150k,CURRENT,0,Servicer_A,2024-01-29,2026-09-14T16:24:39,AVAILABLE,ORIGINATION_DB
L-100009,B-54869,CONVENTIONAL,2023-05-02,2053-05-02,69646.29,58422.71,4.507,360,NC,PURCHASE,B,< 1 year,$100k-$150k,CURRENT,0,Servicer_C,2024-02-16,2026-09-14T16:24:39,AVAILABLE,ORIGINATION_DB
L-100903,B-87404,FHA,2021-08-03,2051-08-04,411893.64,219210.89,2.617,360,GA,REFINANCE,C,1-3 years,$150k+,CURRENT,0,Servicer_A,2024-01-02,2026-09-14T16:24:39,AVAILABLE,ORIGINATION_DB
L-100882,B-21672,CONVENTIONAL,2017-01-15,2027-01-16,361430.65,257059.53,2.514,120,NY,CASH_OUT,D,10+ years,$100k-$150k,CURRENT,0,Servicer_C,2024-01-10,2026-09-14T16:24:39,AVAILABLE,ORIGINATION_DB
L-100743,B-10598,FHA,2021-07-29,2036-07-29,284805.33,184183.86,2.854,180,TX,PURCHASE,B,8-10 years,$150k+,CURRENT,0,Servicer_A,2024-01-01,2026-09-14T16:24:39,AVAILABLE,ORIGINATION_DB
L-100561,B-57318,FHA,2016-03-19,2031-03-21,96675.58,33196.75,4.056,180,OH,CASH_OUT,A,1-3 years,$150k+,CURRENT,0,Servicer_A,2024-02-03,2026-09-14T16:24:39,AVAILABLE,ORIGINATION_DB
L-100450,B-93415,JUMBO,2017-06-24,2032-06-24,264351.96,166205.76,3.508,180,MI,PURCHASE,A,10+ years,$150k+,CURRENT,0,Servicer_A,2024-01-03,2026-09-14T16:24:39,AVAILABLE,ORIGINATION_DB
L-100992,B-23927,CONVENTIONAL,2022-08-20,2032-08-20,154757.68,164757.68,5.063,120,GA,PURCHASE,D,4-7 years,$50k-$100k,CURRENT,0,Servicer_C,2024-02-08,2026-09-14T16:24:39,AVAILABLE,ORIGINATION_DB
L-100093,B-99116,CONVENTIONAL,2021-11-22,2031-11-23,194992.67,71082.09,3.634,120,PA,REFINANCE,A,10+ years,$0-$50k,CURRENT,0,Servicer_B,2024-02-21,2026-09-14T16:24:39,AVAILABLE,ORIGINATION_DB
L-100339,B-67175,VA,2016-06-08,2031-06-09,94114.56,69306.66,6.528,180,IL,REFINANCE,D,1-3 years,$150k+,CURRENT,0,Servicer_B,2024-02-04,2026-09-14T16:24:39,AVAILABLE,ORIGINATION_DB
L-100739,B-52504,FHA,2015-10-16,2025-10-16,124568.77,-1500.0,5.912,120,CA,REFINANCE,B,4-7 years,$0-$50k,CURRENT,0,Servicer_A,2024-02-24,2026-09-14T16:24:39,AVAILABLE,ORIGINATION_DB
L-100133,B-24174,FHA,2023-01-05,2033-01-05,370690.82,331517.77,4.092,120,MI,CASH_OUT,C,1-3 years,$0-$50k,CURRENT,0,Servicer_C,2024-01-04,2026-09-14T16:24:39,AVAILABLE,ORIGINATION_DB
L-100346,B-66599,FHA,2023-09-10,2053-09-10,95012.58,45353.29,4.293,360,PA,PURCHASE,D,4-7 years,$100k-$150k,CURRENT,0,Servicer_B,2024-02-20,2026-09-14T16:24:39,AVAILABLE,ORIGINATION_DB
L-100838,B-99304,FHA,2015-11-09,2030-11-09,322181.79,288811.62,6.066,180,TX,PURCHASE,A,1-3 years,$0-$50k,CURRENT,0,Servicer_B,2024-01-30,2026-09-14T16:24:39,AVAILABLE,ORIGINATION_DB
L-100612,B-89471,VA,2022-02-18,2032-02-19,435883.63,50000.0,4.648,120,CA,PURCHASE,D,8-10 years,$100k-$150k,CLOSED,0,Servicer_C,2024-02-02,2026-09-14T16:24:39,AVAILABLE,ORIGINATION_DB
L-100005,B-81908,CONVENTIONAL,2021-12-19,2036-12-19,253609.04,31675.98,6.23,180,OH,REFINANCE,D,10+ years,$0-$50k,CURRENT,0,Servicer_C,2024-02-09,2026-09-14T16:24:39,AVAILABLE,ORIGINATION_DB
L-100676,B-67527,CONVENTIONAL,2021-03-12,2051-03-14,266619.9,199316.33,7.493,360,MI,PURCHASE,D,10+ years,$100k-$150k,CURRENT,0,Servicer_B,2024-02-13,2026-09-14T16:24:39,AVAILABLE,ORIGINATION_DB
L-100427,B-18526,JUMBO,2015-02-24,2030-02-24,277660.01,110596.37,4.684,180,MI,CASH_OUT,C,< 1 year,$100k-$150k,CURRENT,0,Servicer_B,2024-02-27,2026-09-14T16:24:39,AVAILABLE,ORIGINATION_DB
L-100625,B-37633,JUMBO,2022-03-15,2037-03-15,493785.1,318368.11,7.242,180,NY,REFINANCE,D,< 1 year,$100k-$150k,CURRENT,0,Servicer_B,2024-02-03,2026-09-14T16:24:39,AVAILABLE,ORIGINATION_DB
L-100657,B-54400,JUMBO,2019-05-01,2034-05-01,193548.27,124128.07,3.848,180,CA,PURCHASE,D,< 1 year,$100k-$150k,CURRENT,0,Servicer_C,2024-02-23,2026-09-14T16:24:39,AVAILABLE,ORIGINATION_DB
L-100060,B-86013,JUMBO,2020-11-27,2035-11-28,188231.78,158983.63,5.298,180,OH,PURCHASE,C,1-3 years,$100k-$150k,CURRENT,0,Servicer_B,2024-02-12,2026-09-14T16:24:39,AVAILABLE,ORIGINATION_DB
L-100390,B-41446,JUMBO,2016-12-20,2031-12-21,212064.9,120059.13,6.271,180,TX,CASH_OUT,C,1-3 years,$50k-$100k,CURRENT,0,Servicer_B,2024-01-17,2026-09-14T16:24:39,AVAILABLE,ORIGINATION_DB
L-100883,B-73165,JUMBO,2018-06-05,2028-06-05,122690.88,105466.38,5.728,120,PA,PURCHASE,C,1-3 years,$100k-$150k,CURRENT,0,Servicer_A,2024-02-11,2026-09-14T16:24:39,AVAILABLE,ORIGINATION_DB
L-100400,B-14674,VA,2016-03-07,2026-03-08,275179.72,40862.8,6.784,120,GA,PURCHASE,C,4-7 years,$100k-$150k,CURRENT,0,Servicer_A,2024-02-19,2026-09-14T16:24:39,AVAILABLE,ORIGINATION_DB
L-100434,B-79925,FHA,2018-12-09,2033-12-10,109848.34,36459.98,5.488,180,NC,REFINANCE,B,4-7 years,$0-$50k,CURRENT,0,Servicer_C,2024-01-23,2026-09-14T16:24:39,AVAILABLE,ORIGINATION_DB
L-100575,B-76072,FHA,2017-03-23,2032-03-23,116015.18,107032.41,3.225,180,FL,CASH_OUT,B,< 1 year,$150k+,CURRENT,0,Servicer_A,2024-02-12,2026-09-14T16:24:39,AVAILABLE,ORIGINATION_DB
L-100645,B-43848,FHA,2022-11-15,2037-11-16,167875.91,19778.2,6.49,180,OH,PURCHASE,B,8-10 years,$50k-$100k,CURRENT,0,Servicer_A,2024-02-03,2026-09-14T16:24:39,AVAILABLE,ORIGINATION_DB
L-100511,B-96396,FHA,2022-06-26,2052-06-26,146786.76,113165.6,3.389,360,MI,PURCHASE,A,4-7 years,$50k-$100k,CURRENT,0,Servicer_C,2024-02-28,2026-09-14T16:24:39,AVAILABLE,ORIGINATION_DB
L-100526,B-51738,FHA,2023-04-10,2033-04-10,226881.78,62330.3,5.08,120,GA,PURCHASE,C,10+ years,$100k-$150k,CURRENT,0,Servicer_B,2024-02-10,2026-09-14T16:24:39,AVAILABLE,ORIGINATION_DB
L-100988,B-81123,CONVENTIONAL,2020-05-01,2030-05-02,180362.41,162673.87,7.127,120,TX,REFINANCE,B,1-3 years,$50k-$100k,CURRENT,0,Servicer_A,2024-01-07,2026-09-14T16:24:39,AVAILABLE,ORIGINATION_DB
L-100381,B-63881,CONVENTIONAL,2021-10-24,2036-10-24,227452.11,114849.24,5.521,180,TX,REFINANCE,A,8-10 years,$150k+,CURRENT,0,Servicer_A,2024-02-17,2026-09-14T16:24:39,AVAILABLE,ORIGINATION_DB
L-100276,B-95669,FHA,2015-09-26,2045-09-26,215185.03,145979.21,3.6,360,CA,REFINANCE,C,8-10 years,$0-$50k,CURRENT,0,Servicer_C,2024-01-06,2026-09-14T16:24:39,AVAILABLE,ORIGINATION_DB
L-100842,B-99158,CONVENTIONAL,2017-10-02,2032-10-03,240955.92,142646.74,4.763,180,MI,CASH_OUT,A,8-10 years,$150k+,CURRENT,0,Servicer_B,2024-01-15,2026-09-14T16:24:39,AVAILABLE,ORIGINATION_DB
L-100827,B-50366,VA,2020-02-27,2050-02-28,489505.11,71651.62,5.971,360,FL,CASH_OUT,B,< 1 year,$50k-$100k,CURRENT,0,Servicer_C,2024-02-05,2026-09-14T16:24:39,AVAILABLE,ORIGINATION_DB
L-100929,B-72680,CONVENTIONAL,2020-11-14,2050-11-16,302800.41,108575.6,3.154,360,FL,CASH_OUT,A,8-10 years,$150k+,CURRENT,0,Servicer_B,2024-01-14,2026-09-14T16:24:39,AVAILABLE,ORIGINATION_DB
L-100174,B-56128,JUMBO,2020-10-16,2035-10-17,464759.06,232246.7,2.782,180,MI,REFINANCE,B,10+ years,$0-$50k,CURRENT,0,Servicer_A,2024-02-13,2026-09-14T16:24:39,AVAILABLE,ORIGINATION_DB
L-100891,B-74718,JUMBO,2019-06-20,2049-06-20,469030.19,388604.6,2.8,360,NY,PURCHASE,A,8-10 years,$150k+,CURRENT,0,Servicer_B,2024-02-19,2026-09-14T16:24:39,AVAILABLE,ORIGINATION_DB
L-100054,B-15754,CONVENTIONAL,2023-01-31,2053-02-01,133335.26,91785.18,4.838,360,PA,CASH_OUT,B,10+ years,$50k-$100k,CURRENT,0,Servicer_C,2024-01-03,2026-09-14T16:24:39,AVAILABLE,ORIGINATION_DB
L-100745,B-86815,FHA,2021-10-25,2036-10-25,276074.93,35953.17,3.156,180,PA,PURCHASE,C,< 1 year,$100k-$150k,CURRENT,0,Servicer_C,2024-02-12,2026-09-14T16:24:39,AVAILABLE,ORIGINATION_DB
L-100523,B-29582,JUMBO,2015-03-08,2030-03-08,194064.51,52990.89,5.337,180,CA,PURCHASE,C,8-10 years,$0-$50k,CURRENT,0,Servicer_A,2024-01-05,2026-09-14T16:24:39,AVAILABLE,ORIGINATION_DB
L-100405,B-87582,CONVENTIONAL,2020-08-29,2050-08-30,151260.2,117977.84,4.989,360,CA,CASH_OUT,B,8-10 years,$50k-$100k,CURRENT,0,Servicer_C,2024-02-03,2026-09-14T16:24:39,AVAILABLE,ORIGINATION_DB
L-100052,B-42349,FHA,2022-02-27,2052-02-28,429022.27,190202.7,5.198,360,FL,REFINANCE,A,10+ years,$50k-$100k,CURRENT,0,Servicer_C,2024-01-22,2026-09-14T16:24:39,AVAILABLE,ORIGINATION_DB
L-100962,B-28018,CONVENTIONAL,2016-08-23,2046-08-24,215733.87,39188.85,7.087,360,PA,PURCHASE,A,4-7 years,$100k-$150k,CURRENT,0,Servicer_B,2024-02-25,2026-09-14T16:24:39,AVAILABLE,ORIGINATION_DB
L-100124,B-81534,VA,2019-12-25,2034-12-25,229915.86,213853.56,4.379,180,IL,PURCHASE,D,10+ years,$50k-$100k,CURRENT,0,Servicer_B,2024-01-10,2026-09-14T16:24:39,AVAILABLE,ORIGINATION_DB
L-100964,B-40608,FHA,2021-04-30,2051-05-01,80801.72,9697.78,4.695,360,CA,REFINANCE,C,10+ years,$0-$50k,CURRENT,0,Servicer_B,2024-02-15,2026-09-14T16:24:39,AVAILABLE,ORIGINATION_DB
L-100889,B-55796,VA,2022-07-13,2032-07-13,59510.66,55388.29,2.521,120,NC,PURCHASE,D,1-3 years,$50k-$100k,CURRENT,0,Servicer_B,2024-02-11,2026-09-14T16:24:39,AVAILABLE,ORIGINATION_DB
L-100952,B-57101,JUMBO,2015-05-28,2025-05-28,352207.43,161936.22,3.64,120,CA,REFINANCE,C,10+ years,$150k+,CURRENT,0,Servicer_A,2024-01-11,2026-09-14T16:24:39,AVAILABLE,ORIGINATION_DB
L-100451,B-33493,FHA,2023-10-07,2053-10-08,154607.4,74151.34,3.819,360,MI,CASH_OUT,A,4-7 years,$0-$50k,CURRENT,0,Servicer_C,2024-02-18,2026-09-14T16:24:39,AVAILABLE,ORIGINATION_DB
L-100697,B-34907,VA,2018-01-29,2048-01-30,378755.38,55883.94,4.096,360,CA,PURCHASE,D,< 1 year,$50k-$100k,CURRENT,0,Servicer_A,2024-01-20,2026-09-14T16:24:39,AVAILABLE,ORIGINATION_DB
L-100210,B-17527,JUMBO,2017-03-11,2047-03-12,52984.1,21301.21,6.061,360,IL,CASH_OUT,B,10+ years,$100k-$150k,CURRENT,0,Servicer_B,2024-01-30,2026-09-14T16:24:39,AVAILABLE,ORIGINATION_DB
L-100722,B-99460,JUMBO,2018-07-07,2033-07-07,248754.75,184906.8,4.71,180,GA,PURCHASE,D,< 1 year,$150k+,CURRENT,0,Servicer_C,2024-01-31,2026-09-14T16:24:39,AVAILABLE,ORIGINATION_DB
L-100100,B-15230,CONVENTIONAL,2021-10-28,2031-10-29,203698.75,153324.57,4.672,120,MI,REFINANCE,D,< 1 year,$50k-$100k,CURRENT,0,Servicer_A,2024-02-17,2026-09-14T16:24:39,AVAILABLE,ORIGINATION_DB
L-100340,B-85022,CONVENTIONAL,2022-02-27,2052-02-29,59360.6,39014.71,5.798,360,GA,REFINANCE,D,4-7 years,$50k-$100k,CURRENT,0,Servicer_C,2024-01-30,2026-09-14T16:24:39,AVAILABLE,ORIGINATION_DB
L-100585,B-36019,VA,2023-02-24,2033-02-24,264323.82,80359.01,7.468,120,NC,REFINANCE,A,< 1 year,$100k-$150k,CURRENT,0,Servicer_C,2024-02-24,2026-09-14T16:24:39,AVAILABLE,ORIGINATION_DB
L-100403,B-65787,CONVENTIONAL,2018-04-16,2028-04-16,333182.92,224561.65,3.261,120,NC,CASH_OUT,D,8-10 years,$50k-$100k,CURRENT,0,Servicer_C,2024-01-04,2026-09-14T16:24:39,AVAILABLE,ORIGINATION_DB
L-100953,B-90542,CONVENTIONAL,2023-06-12,2033-06-12,440153.12,318887.39,2.867,120,GA,REFINANCE,D,10+ years,$50k-$100k,CURRENT,0,Servicer_C,2024-01-30,2026-09-14T16:24:39,AVAILABLE,ORIGINATION_DB
L-100652,B-58021,VA,2017-05-25,2047-05-27,63631.71,9549.06,6.662,360,TX,REFINANCE,A,4-7 years,$100k-$150k,CURRENT,0,Servicer_B,2024-01-12,2026-09-14T16:24:39,AVAILABLE,ORIGINATION_DB
L-100006,B-53015,FHA,2015-11-10,2025-11-09,218426.69,167754.39,3.051,120,NY,REFINANCE,B,10+ years,$0-$50k,CURRENT,0,Servicer_B,2024-02-29,2026-09-14T16:24:39,AVAILABLE,ORIGINATION_DB
L-100916,B-85031,JUMBO,2023-01-05,2053-01-05,431547.31,45141.68,3.638,360,NC,REFINANCE,A,10+ years,$100k-$150k,CURRENT,0,Servicer_C,2024-01-13,2026-09-14T16:24:39,AVAILABLE,ORIGINATION_DB
L-100092,B-99609,JUMBO,2022-04-13,2032-04-12,142535.04,107387.6,6.32,120,NY,CASH_OUT,C,< 1 year,$0-$50k,CURRENT,0,Servicer_A,2024-02-03,2026-09-14T16:24:39,AVAILABLE,ORIGINATION_DB
L-100327,B-95325,CONVENTIONAL,2016-10-16,2046-10-17,434832.68,257111.51,6.434,360,CA,CASH_OUT,A,8-10 years,$0-$50k,CURRENT,0,Servicer_C,2024-01-06,2026-09-14T16:24:39,AVAILABLE,ORIGINATION_DB
L-100464,B-59948,FHA,2023-04-05,2053-04-06,189253.03,173563.35,7.159,360,NC,REFINANCE,C,< 1 year,$50k-$100k,CURRENT,0,Servicer_A,2024-02-29,2026-09-14T16:24:39,AVAILABLE,ORIGINATION_DB
L-100879,B-21422,CONVENTIONAL,2016-10-27,2046-10-29,435763.09,287214.01,5.31,360,GA,PURCHASE,B,4-7 years,$150k+,CURRENT,0,Servicer_C,2024-02-14,2026-09-14T16:24:39,AVAILABLE,ORIGINATION_DB
L-100824,B-65760,FHA,2021-10-23,2051-10-24,131219.71,16939.84,3.228,360,TX,CASH_OUT,B,< 1 year,$0-$50k,CURRENT,0,Servicer_C,2024-01-15,2026-09-14T16:24:39,AVAILABLE,ORIGINATION_DB
L-100653,B-88039,CONVENTIONAL,2015-10-04,2025-10-04,266313.2,27764.56,3.399,120,TX,REFINANCE,B,10+ years,$150k+,CURRENT,0,Servicer_A,2024-02-03,2026-09-14T16:24:39,AVAILABLE,ORIGINATION_DB
L-100130,B-92803,FHA,2020-02-24,2035-02-24,397811.63,204086.15,2.661,180,CA,PURCHASE,C,1-3 years,$0-$50k,CURRENT,0,Servicer_B,2024-02-23,2026-09-14T16:24:39,AVAILABLE,ORIGINATION_DB
L-100110,B-11501,VA,2017-10-18,2032-10-18,319681.8,46269.31,5.044,180,GA,PURCHASE,C,< 1 year,$100k-$150k,CURRENT,0,Servicer_B,2024-02-15,2026-09-14T16:24:39,AVAILABLE,ORIGINATION_DB
L-100896,B-81522,CONVENTIONAL,2016-07-31,2031-08-01,493369.61,234353.79,2.841,180,TX,CASH_OUT,C,< 1 year,$150k+,CURRENT,0,Servicer_A,2024-01-13,2026-09-14T16:24:39,AVAILABLE,ORIGINATION_DB
L-100324,B-63121,CONVENTIONAL,2015-01-01,2025-01-01,251084.32,177414.8,4.134,120,NC,PURCHASE,B,1-3 years,$50k-$100k,CURRENT,0,Servicer_C,2024-02-24,2026-09-14T16:24:39,AVAILABLE,ORIGINATION_DB
L-100724,B-93086,CONVENTIONAL,2017-09-20,2027-09-21,422208.85,126077.34,5.69,120,NC,PURCHASE,C,10+ years,$0-$50k,CURRENT,0,Servicer_A,2024-02-07,2026-09-14T16:24:39,AVAILABLE,ORIGINATION_DB
L-100925,B-61852,VA,2017-10-13,2047-10-14,357075.42,57071.57,5.232,360,OH,REFINANCE,B,1-3 years,$150k+,CURRENT,0,Servicer_A,2024-02-03,2026-09-14T16:24:39,AVAILABLE,ORIGINATION_DB
L-100513,B-98280,JUMBO,2017-11-18,2032-11-18,184493.39,142177.63,7.427,180,IL,REFINANCE,A,4-7 years,$100k-$150k,CURRENT,0,Servicer_B,2024-02-03,2026-09-14T16:24:39,AVAILABLE,ORIGINATION_DB
L-100805,B-92006,VA,2021-07-21,2036-07-22,398629.35,168735.86,3.472,180,IL,PURCHASE,A,8-10 years,$50k-$100k,CURRENT,0,Servicer_A,2024-02-05,2026-09-14T16:24:39,AVAILABLE,ORIGINATION_DB
L-100930,B-42754,FHA,2022-04-01,2037-04-01,103902.16,48849.49,4.796,180,CA,CASH_OUT,A,8-10 years,$100k-$150k,CURRENT,0,Servicer_A,2024-01-21,2026-09-14T16:24:39,AVAILABLE,ORIGINATION_DB
L-100562,B-73060,CONVENTIONAL,2016-12-12,2046-12-13,122728.73,61383.2,6.363,360,NY,PURCHASE,C,4-7 years,$100k-$150k,CURRENT,0,Servicer_A,2024-01-08,2026-09-14T16:24:39,AVAILABLE,ORIGINATION_DB
L-100750,B-42521,CONVENTIONAL,2018-03-05,2048-03-05,342850.71,39936.63,3.059,360,GA,PURCHASE,A,1-3 years,$50k-$100k,CURRENT,0,Servicer_B,2024-02-26,2026-09-14T16:24:39,AVAILABLE,ORIGINATION_DB
L-100160,B-58096,FHA,2015-04-10,2025-04-10,200946.1,157461.69,4.304,120,NC,PURCHASE,D,4-7 years,$50k-$100k,CURRENT,0,Servicer_B,2024-01-02,2026-09-14T16:24:39,AVAILABLE,ORIGINATION_DB
,B-83171,VA,2022-06-27,2032-06-26,57662.7,39986.66,6.68,120,GA,REFINANCE,A,8-10 years,$50k-$100k,CURRENT,0,Servicer_B,2024-01-01,2026-09-14T16:24:39,AVAILABLE,ORIGINATION_DB
L-100151,B-86626,FHA,2016-02-15,2031-02-15,128278.1,98768.01,3.703,180,OH,PURCHASE,A,< 1 year,$150k+,CURRENT,0,Servicer_B,2024-02-03,2026-09-14T16:24:39,AVAILABLE,ORIGINATION_DB
L-100814,B-73801,JUMBO,2023-04-22,2053-04-22,468967.59,47288.71,3.525,360,FL,CASH_OUT,D,< 1 year,$0-$50k,CURRENT,0,Servicer_C,2024-01-25,2026-09-14T16:24:39,AVAILABLE,ORIGINATION_DB
L-100880,B-51015,VA,2015-08-23,2030-08-23,109355.59,80764.28,6.23,180,NY,PURCHASE,A,10+ years,$150k+,CURRENT,0,Servicer_C,2024-02-07,2026-09-14T16:24:39,AVAILABLE,ORIGINATION_DB
L-100121,B-98257,FHA,2017-01-03,2027-01-04,382691.7,71478.93,4.973,120,CA,PURCHASE,B,1-3 years,$50k-$100k,CURRENT,0,Servicer_B,2024-01-26,2026-09-14T16:24:39,AVAILABLE,ORIGINATION_DB
L-100309,B-95669,VA,2023-11-03,2033-11-03,473902.06,269306.15,7.378,120,IL,PURCHASE,A,4-7 years,$150k+,CURRENT,0,Servicer_A,2024-02-03,2026-09-14T16:24:39,AVAILABLE,ORIGINATION_DB
L-100127,B-34288,CONVENTIONAL,2023-06-30,2033-06-29,63631.18,31482.99,3.371,120,NC,CASH_OUT,D,8-10 years,$150k+,CURRENT,0,Servicer_C,2024-02-20,2026-09-14T16:24:39,AVAILABLE,ORIGINATION_DB
L-100937,B-56447,JUMBO,2021-12-24,2051-12-26,149552.16,107562.72,4.668,360,IL,CASH_OUT,A,< 1 year,$150k+,CURRENT,0,Servicer_A,2024-02-20,2026-09-14T16:24:39,AVAILABLE,ORIGINATION_DB
L-100388,B-40669,JUMBO,2016-09-11,2026-09-12,287006.99,147036.69,5.146,120,NY,PURCHASE,D,10+ years,$0-$50k,CURRENT,0,Servicer_A,2024-01-06,2026-09-14T16:24:39,AVAILABLE,ORIGINATION_DB
L-100552,B-44342,JUMBO,2020-01-17,2035-01-17,110522.02,85328.03,6.689,180,PA,PURCHASE,C,8-10 years,$0-$50k,CURRENT,0,Servicer_A,2024-01-17,2026-09-14T16:24:39,AVAILABLE,ORIGINATION_DB
L-100871,B-46322,VA,2019-08-06,2034-08-07,383882.38,299525.11,6.553,180,IL,PURCHASE,A,4-7 years,$0-$50k,CURRENT,0,Servicer_B,2024-02-06,2026-09-14T16:24:39,AVAILABLE,ORIGINATION_DB
L-100271,B-47839,CONVENTIONAL,2023-09-29,2038-09-29,252671.63,208572.53,3.916,180,IL,PURCHASE,C,10+ years,$0-$50k,CURRENT,0,Servicer_C,2024-02-20,2026-09-14T16:24:39,AVAILABLE,ORIGINATION_DB
L-100599,B-50230,FHA,2016-01-23,2031-01-23,389374.3,182936.0,6.157,180,IL,REFINANCE,A,10+ years,$100k-$150k,CURRENT,0,Servicer_A,2024-01-26,2026-09-14T16:24:39,AVAILABLE,ORIGINATION_DB
L-100604,B-17735,VA,2015-03-08,2030-03-09,100288.8,49874.61,5.003,180,IL,REFINANCE,A,1-3 years,$50k-$100k,CURRENT,0,Servicer_A,2024-01-22,2026-09-14T16:24:39,AVAILABLE,ORIGINATION_DB
L-100027,B-65224,CONVENTIONAL,2017-06-23,2047-06-25,366140.39,114186.65,2.837,360,PA,CASH_OUT,B,10+ years,$50k-$100k,CURRENT,0,Servicer_C,2024-01-01,2026-09-14T16:24:39,AVAILABLE,ORIGINATION_DB
L-100713,B-52895,JUMBO,2019-10-06,2049-10-06,314054.24,91287.76,7.442,360,CA,PURCHASE,A,10+ years,$150k+,CURRENT,0,Servicer_B,2024-01-16,2026-09-14T16:24:39,AVAILABLE,ORIGINATION_DB
L-100083,B-72340,CONVENTIONAL,2015-04-24,2030-04-24,475182.91,119032.22,2.701,180,NC,REFINANCE,A,4-7 years,$100k-$150k,CURRENT,0,Servicer_C,2024-01-31,2026-09-14T16:24:39,AVAILABLE,ORIGINATION_DB
L-100154,B-20772,JUMBO,2015-03-14,2030-03-14,428403.2,143825.55,4.477,180,IL,CASH_OUT,A,< 1 year,$150k+,CURRENT,0,Servicer_A,2024-02-22,2026-09-14T16:24:39,AVAILABLE,ORIGINATION_DB
L-100017,B-85924,JUMBO,2023-11-25,2038-11-25,392340.84,92255.89,6.758,180,NY,CASH_OUT,A,10+ years,$50k-$100k,CURRENT,0,Servicer_B,2024-02-25,2026-09-14T16:24:39,AVAILABLE,ORIGINATION_DB
L-100098,B-65754,FHA,2016-04-29,2046-04-30,498895.45,119642.82,5.826,360,OH,PURCHASE,B,10+ years,$50k-$100k,CURRENT,0,Servicer_B,2024-02-15,2026-09-14T16:24:39,AVAILABLE,ORIGINATION_DB
L-100231,B-15785,FHA,2020-01-01,2035-01-01,247078.4,156550.99,5.265,180,NC,CASH_OUT,D,10+ years,$50k-$100k,CURRENT,0,Servicer_A,2024-02-05,2026-09-14T16:24:39,AVAILABLE,ORIGINATION_DB
L-100168,B-17475,VA,2018-05-27,2028-05-27,204698.3,179085.31,5.014,120,OH,CASH_OUT,A,10+ years,$0-$50k,CURRENT,0,Servicer_B,2024-02-06,2026-09-14T16:24:39,AVAILABLE,ORIGINATION_DB
L-100569,B-94713,JUMBO,2021-06-07,2031-06-08,436722.2,82902.74,5.233,120,NC,PURCHASE,C,1-3 years,$50k-$100k,CURRENT,0,Servicer_C,2024-02-15,2026-09-14T16:24:39,AVAILABLE,ORIGINATION_DB
L-100144,B-21078,VA,2021-07-15,2031-07-16,242420.15,130457.22,3.075,120,CA,PURCHASE,D,4-7 years,$0-$50k,CURRENT,0,Servicer_C,2024-01-16,2026-09-14T16:24:39,AVAILABLE,ORIGINATION_DB
L-100598,B-11375,VA,2020-05-10,2030-05-11,384760.77,62460.95,2.745,120,IL,CASH_OUT,D,1-3 years,$100k-$150k,CURRENT,45,Servicer_A,2024-01-13,2026-09-14T16:24:39,AVAILABLE,ORIGINATION_DB
L-100971,B-81402,CONVENTIONAL,2019-02-09,2034-02-09,489519.47,145575.7,5.829,180,NY,PURCHASE,C,< 1 year,$50k-$100k,CURRENT,0,Servicer_C,2024-02-05,2026-09-14T16:24:39,AVAILABLE,ORIGINATION_DB
L-100792,B-44211,FHA,2020-02-10,2030-02-10,397610.86,167016.32,6.345,120,PA,PURCHASE,C,10+ years,$100k-$150k,CURRENT,0,Servicer_A,2024-02-15,2026-09-14T16:24:39,AVAILABLE,ORIGINATION_DB
L-100484,B-77505,CONVENTIONAL,2021-07-22,2051-07-24,445401.3,45401.44,6.823,360,MI,REFINANCE,C,1-3 years,$150k+,CURRENT,0,Servicer_C,2024-01-10,2026-09-14T16:24:39,AVAILABLE,ORIGINATION_DB
L-100701,B-24647,FHA,2015-03-05,2025-03-04,183190.22,121612.95,4.513,120,GA,CASH_OUT,B,10+ years,$100k-$150k,CURRENT,0,Servicer_A,2024-02-26,2026-09-14T16:24:39,AVAILABLE,ORIGINATION_DB
L-100471,B-76342,JUMBO,2022-03-25,2052-03-26,433844.15,96762.02,6.149,360,NY,CASH_OUT,C,< 1 year,$150k+,CURRENT,0,Servicer_B,2024-02-23,2026-09-14T16:24:39,AVAILABLE,ORIGINATION_DB
L-100259,B-40498,FHA,2016-06-08,2031-06-09,276890.12,29773.9,4.381,180,FL,PURCHASE,B,10+ years,$50k-$100k,CURRENT,0,Servicer_B,2024-01-23,2026-09-14T16:24:39,AVAILABLE,ORIGINATION_DB
L-100696,B-19402,JUMBO,2016-06-26,2046-06-28,263407.7,173209.96,3.651,360,NY,CASH_OUT,A,10+ years,$150k+,CURRENT,0,Servicer_B,2024-01-23,2026-09-14T16:24:39,AVAILABLE,ORIGINATION_DB
L-100406,B-14541,FHA,2019-03-18,2034-03-18,466757.79,181283.48,5.916,180,TX,CASH_OUT,B,4-7 years,$150k+,CURRENT,0,Servicer_A,2024-01-30,2026-09-14T16:24:39,AVAILABLE,ORIGINATION_DB
L-100999,B-52551,JUMBO,2016-11-14,2031-11-15,339837.7,158339.24,2.567,180,PA,PURCHASE,A,4-7 years,$0-$50k,CURRENT,45,Servicer_B,2024-01-06,2026-09-14T16:24:39,AVAILABLE,ORIGINATION_DB
L-100283,B-89814,JUMBO,2019-08-25,2029-08-24,298993.71,205284.31,4.044,120,PA,PURCHASE,B,1-3 years,$0-$50k,CURRENT,0,Servicer_B,2024-02-23,2026-09-14T16:24:39,AVAILABLE,ORIGINATION_DB
L-100429,B-32688,CONVENTIONAL,2018-10-18,2048-10-19,100946.8,33569.62,3.364,360,MI,REFINANCE,D,< 1 year,$50k-$100k,CURRENT,0,Servicer_A,2024-01-01,2026-09-14T16:24:39,AVAILABLE,ORIGINATION_DB
L-100791,B-91033,VA,2021-02-04,2031-02-05,164325.27,86662.52,5.498,120,FL,PURCHASE,B,1-3 years,$50k-$100k,CURRENT,0,Servicer_C,2024-02-10,2026-09-14T16:24:39,AVAILABLE,ORIGINATION_DB
L-100445,B-78223,VA,2017-09-02,2027-09-03,168834.75,121201.2,6.005,120,IL,REFINANCE,D,1-3 years,$50k-$100k,CURRENT,0,Servicer_B,2024-01-18,2026-09-14T16:24:39,AVAILABLE,ORIGINATION_DB
L-100393,B-64457,VA,2018-11-11,2033-11-12,154175.38,18630.7,4.221,180,NC,CASH_OUT,A,4-7 years,$50k-$100k,CURRENT,0,Servicer_C,2024-01-08,2026-09-14T16:24:39,AVAILABLE,ORIGINATION_DB
L-100568,B-13189,JUMBO,2019-11-23,2049-11-23,255874.44,231595.74,3.616,360,PA,PURCHASE,B,1-3 years,$50k-$100k,CURRENT,0,Servicer_B,2024-02-27,2026-09-14T16:24:39,AVAILABLE,ORIGINATION_DB
L-100892,B-31499,FHA,2020-01-26,2035-01-26,311698.6,258618.65,5.667,180,CA,REFINANCE,B,4-7 years,$50k-$100k,CURRENT,0,Servicer_A,2024-02-09,2026-09-14T16:24:39,AVAILABLE,ORIGINATION_DB
L-100982,B-27687,CONVENTIONAL,2018-01-18,2048-01-20,267933.55,30793.05,6.551,360,OH,PURCHASE,A,< 1 year,$100k-$150k,CURRENT,0,Servicer_B,2024-02-01,2026-09-14T16:24:39,AVAILABLE,ORIGINATION_DB
L-100203,B-28485,CONVENTIONAL,2020-03-15,2030-03-16,109719.09,23621.52,6.161,120,TX,PURCHASE,D,8-10 years,$0-$50k,CURRENT,0,Servicer_B,2024-02-29,2026-09-14T16:24:39,AVAILABLE,ORIGINATION_DB
L-100649,B-34765,VA,2016-12-11,2031-12-12,301745.64,53887.9,6.16,180,CA,REFINANCE,A,< 1 year,$50k-$100k,CURRENT,0,Servicer_C,2024-02-22,2026-09-14T16:24:39,AVAILABLE,ORIGINATION_DB
L-100383,B-74666,FHA,2018-02-02,2028-02-03,228375.75,75050.25,7.259,120,OH,REFINANCE,B,10+ years,$50k-$100k,CURRENT,0,Servicer_C,2024-02-08,2026-09-14T16:24:39,AVAILABLE,ORIGINATION_DB
L-100187,B-27679,CONVENTIONAL,2015-01-05,2045-01-06,210667.27,101848.04,3.978,360,FL,REFINANCE,D,8-10 years,$150k+,CURRENT,0,Servicer_A,2024-01-24,2026-09-14T16:24:39,AVAILABLE,ORIGINATION_DB
L-100215,B-26326,VA,2016-04-04,2046-04-05,69153.53,37045.08,4.889,360,NY,REFINANCE,D,1-3 years,$50k-$100k,CURRENT,0,Servicer_C,2024-01-07,2026-09-14T16:24:39,AVAILABLE,ORIGINATION_DB
L-100104,B-29214,JUMBO,2018-10-14,2048-10-14,458446.0,170440.08,6.733,360,IL,CASH_OUT,B,1-3 years,$100k-$150k,CURRENT,0,Servicer_A,2024-01-29,2026-09-14T16:24:39,AVAILABLE,ORIGINATION_DB
L-100820,B-37414,VA,2015-06-25,2045-06-25,204683.95,83503.01,4.4,360,CA,CASH_OUT,B,10+ years,$150k+,CURRENT,0,Servicer_A,2024-02-05,2026-09-14T16:24:39,AVAILABLE,ORIGINATION_DB
L-100007,B-29279,CONVENTIONAL,2018-10-10,2048-10-11,331264.39,214055.58,3.061,360,OH,REFINANCE,D,< 1 year,$0-$50k,CURRENT,0,Servicer_A,2024-01-13,2026-09-14T16:24:39,AVAILABLE,ORIGINATION_DB
L-100277,B-88309,CONVENTIONAL,2023-04-15,2053-04-15,471232.95,68052.77,5.022,360,CA,PURCHASE,A,8-10 years,$50k-$100k,CURRENT,0,Servicer_B,2024-01-06,2026-09-14T16:24:39,AVAILABLE,ORIGINATION_DB
L-100841,B-84993,FHA,2018-04-01,2028-03-31,154089.48,115523.04,3.928,120,MI,PURCHASE,B,4-7 years,$50k-$100k,CURRENT,0,Servicer_A,2024-01-04,2026-09-14T16:24:39,AVAILABLE,ORIGINATION_DB
L-100221,B-15668,FHA,2016-12-14,2046-12-15,381202.31,203521.55,3.527,360,GA,CASH_OUT,C,10+ years,$0-$50k,CURRENT,0,Servicer_A,2024-02-04,2026-09-14T16:24:39,AVAILABLE,ORIGINATION_DB
L-100075,B-93709,FHA,2018-09-28,2033-09-28,327843.22,124135.29,5.193,180,MI,PURCHASE,D,1-3 years,$0-$50k,CURRENT,0,Servicer_A,2024-01-11,2026-09-14T16:24:39,AVAILABLE,ORIGINATION_DB
L-100448,B-22793,VA,2018-05-25,2033-05-25,303469.14,256840.29,3.999,180,IL,REFINANCE,A,4-7 years,$100k-$150k,CURRENT,0,Servicer_B,2024-01-14,2026-09-14T16:24:39,AVAILABLE,ORIGINATION_DB
L-100491,B-67061,VA,2016-07-18,2046-07-20,464471.75,144577.33,3.837,360,OH,REFINANCE,B,4-7 years,$150k+,CURRENT,0,Servicer_A,2024-02-14,2026-09-14T16:24:39,AVAILABLE,ORIGINATION_DB
L-100046,B-57696,FHA,2021-10-21,2031-10-22,210953.72,111934.27,3.873,120,CA,PURCHASE,B,4-7 years,$100k-$150k,CURRENT,0,Servicer_A,2024-01-13,2026-09-14T16:24:39,AVAILABLE,ORIGINATION_DB
L-100477,B-67547,FHA,2017-02-25,2047-02-26,103043.9,16352.88,5.373,360,NC,PURCHASE,B,< 1 year,$50k-$100k,CURRENT,0,Servicer_C,2024-01-27,2026-09-14T16:24:39,AVAILABLE,ORIGINATION_DB
L-100587,B-87156,VA,2019-02-21,2029-02-21,219585.57,89374.08,3.878,120,NC,CASH_OUT,B,10+ years,$0-$50k,CURRENT,0,Servicer_B,2024-01-22,2026-09-14T16:24:39,AVAILABLE,ORIGINATION_DB
L-100781,B-45615,CONVENTIONAL,2019-01-13,2049-01-13,149909.57,100948.54,7.357,360,FL,CASH_OUT,B,4-7 years,$50k-$100k,CURRENT,0,Servicer_A,2024-01-27,2026-09-14T16:24:39,AVAILABLE,ORIGINATION_DB
L-100681,B-44109,VA,2018-06-16,2048-06-17,431327.24,138744.61,3.473,360,CA,REFINANCE,D,10+ years,$0-$50k,CURRENT,0,Servicer_A,2024-01-06,2026-09-14T16:24:39,AVAILABLE,ORIGINATION_DB
L-100357,B-79061,JUMBO,2018-02-06,2048-02-08,323957.43,186020.75,4.472,360,PA,PURCHASE,D,1-3 years,$0-$50k,CURRENT,0,Servicer_B,2024-01-12,2026-09-14T16:24:39,AVAILABLE,ORIGINATION_DB
L-100010,B-67491,JUMBO,2015-01-25,2030-01-25,471010.95,397560.76,4.38,180,NC,PURCHASE,A,8-10 years,$150k+,CURRENT,0,Servicer_A,2024-02-04,2026-09-14T16:24:39,AVAILABLE,ORIGINATION_DB
L-100686,B-92187,CONVENTIONAL,2023-02-11,2038-02-11,346021.13,145718.1,4.648,180,GA,PURCHASE,C,< 1 year,$150k+,CURRENT,0,Servicer_C,2024-02-15,2026-09-14T16:24:39,AVAILABLE,ORIGINATION_DB
L-100829,B-98542,FHA,2018-07-03,2028-07-03,204908.94,153352.58,7.156,120,NC,CASH_OUT,C,8-10 years,$100k-$150k,CURRENT,0,Servicer_B,2024-02-08,2026-09-14T16:24:39,AVAILABLE,ORIGINATION_DB
L-100280,B-27206,JUMBO,2021-10-30,2031-10-31,234355.16,34825.4,3.471,120,MI,REFINANCE,B,1-3 years,$50k-$100k,CURRENT,0,Servicer_A,2024-02-29,2026-09-14T16:24:39,AVAILABLE,ORIGINATION_DB
L-100606,B-21295,JUMBO,2017-08-26,2027-08-27,378863.54,154286.2,4.131,120,IL,CASH_OUT,A,10+ years,$50k-$100k,CURRENT,0,Servicer_A,2024-01-08,2026-09-14T16:24:39,AVAILABLE,ORIGINATION_DB
L-100849,B-63810,VA,2018-07-29,2033-07-29,476013.76,179048.79,3.413,180,MI,CASH_OUT,B,10+ years,$50k-$100k,CURRENT,0,Servicer_A,2024-02-23,2026-09-14T16:24:39,AVAILABLE,ORIGINATION_DB
L-100873,B-63881,CONVENTIONAL,2021-03-25,2036-03-25,193145.48,21137.64,6.315,180,NY,REFINANCE,C,8-10 years,$150k+,CURRENT,0,Servicer_A,2024-01-13,2026-09-14T16:24:39,AVAILABLE,ORIGINATION_DB
L-100683,B-70003,JUMBO,2022-11-24,2037-11-25,217680.51,33710.45,4.665,180,MI,CASH_OUT,A,< 1 year,$150k+,CURRENT,0,Servicer_C,2024-02-26,2026-09-14T16:24:39,AVAILABLE,ORIGINATION_DB
L-100019,B-76129,CONVENTIONAL,2015-11-02,2030-11-02,193108.72,183068.87,6.25,180,MI,REFINANCE,C,< 1 year,$50k-$100k,CURRENT,0,Servicer_C,2024-02-20,2026-09-14T16:24:39,AVAILABLE,ORIGINATION_DB
L-100343,B-63358,CONVENTIONAL,2020-02-04,2050-02-05,133071.22,115695.18,5.569,360,FL,REFINANCE,B,< 1 year,$50k-$100k,CURRENT,0,Servicer_A,2024-01-27,2026-09-14T16:24:39,AVAILABLE,ORIGINATION_DB
L-100593,B-37270,CONVENTIONAL,2015-03-11,2025-03-10,124618.03,47630.8,4.779,120,PA,REFINANCE,A,10+ years,$0-$50k,CURRENT,0,Servicer_A,2024-02-26,2026-09-14T16:24:39,AVAILABLE,ORIGINATION_DB
L-100217,B-38583,VA,2018-02-09,2048-02-11,446242.37,150206.69,5.449,360,OH,CASH_OUT,A,< 1 year,$150k+,CURRENT,0,Servicer_A,2024-02-03,2026-09-14T16:24:39,AVAILABLE,ORIGINATION_DB
L-100066,B-80173,JUMBO,2021-01-29,2051-01-31,193644.58,176840.75,3.881,360,IL,CASH_OUT,A,8-10 years,$0-$50k,CURRENT,0,Servicer_C,2024-01-06,2026-09-14T16:24:39,AVAILABLE,ORIGINATION_DB
L-100735,B-12608,FHA,2023-10-05,2053-10-06,226634.52,174974.64,7.0,360,MI,PURCHASE,B,10+ years,$0-$50k,CURRENT,0,Servicer_B,2024-02-08,2026-09-14T16:24:39,AVAILABLE,ORIGINATION_DB
L-100997,B-21342,JUMBO,2015-05-15,2045-05-15,115376.31,53469.34,6.346,360,OH,CASH_OUT,B,10+ years,$50k-$100k,CURRENT,0,Servicer_A,2024-02-11,2026-09-14T16:24:39,AVAILABLE,ORIGINATION_DB
L-100103,B-58220,CONVENTIONAL,2022/09/03,2037-09-03,370163.22,108308.95,6.506,180,CA,REFINANCE,D,8-10 years,$100k-$150k,CURRENT,0,Servicer_C,2024-01-03,2026-09-14T16:24:39,AVAILABLE,ORIGINATION_DB
L-100970,B-29526,CONVENTIONAL,2018-12-01,2048-12-02,150028.02,131171.38,6.227,360,CA,REFINANCE,C,< 1 year,$150k+,CURRENT,0,Servicer_C,2024-02-24,2026-09-14T16:24:39,AVAILABLE,ORIGINATION_DB
L-100131,B-44115,VA,2020-03-23,2030-03-24,338320.19,108221.85,4.238,120,FL,CASH_OUT,C,< 1 year,$150k+,CURRENT,0,Servicer_B,2024-01-21,2026-09-14T16:24:39,AVAILABLE,ORIGINATION_DB
L-100567,B-76033,VA,2017-12-30,2048-01-01,215403.05,44503.72,3.603,360,CA,REFINANCE,B,< 1 year,$100k-$150k,CURRENT,0,Servicer_C,2024-01-05,2026-09-14T16:24:39,AVAILABLE,ORIGINATION_DB
L-100428,B-11411,JUMBO,2016-01-09,2031-01-09,85086.73,55152.81,6.321,180,FL,REFINANCE,D,8-10 years,$100k-$150k,CURRENT,0,Servicer_C,2024-02-07,2026-09-14T16:24:39,AVAILABLE,ORIGINATION_DB
L-100047,B-28493,CONVENTIONAL,2017-03-05,2032-03-05,312168.27,196071.0,2.647,180,FL,REFINANCE,B,4-7 years,$100k-$150k,CURRENT,0,Servicer_A,2024-02-28,2026-09-14T16:24:39,AVAILABLE,ORIGINATION_DB
L-100864,B-49583,VA,2015-04-11,2045-04-12,290033.28,40217.75,5.551,360,CA,REFINANCE,D,< 1 year,$50k-$100k,CURRENT,0,Servicer_C,2024-01-14,2026-09-14T16:24:39,AVAILABLE,ORIGINATION_DB
L-100799,B-95739,JUMBO,2015-01-23,2030-01-23,268984.15,137546.68,6.009,180,NY,PURCHASE,D,8-10 years,$0-$50k,CURRENT,0,Servicer_C,2024-01-22,2026-09-14T16:24:39,AVAILABLE,ORIGINATION_DB
L-100860,B-47015,CONVENTIONAL,2017-12-03,2047-12-05,214439.12,34084.7,5.249,360,MI,REFINANCE,C,10+ years,$100k-$150k,CURRENT,0,Servicer_B,2024-02-29,2026-09-14T16:24:39,AVAILABLE,ORIGINATION_DB
L-100899,B-88654,VA,2017-01-30,2032-01-31,221849.77,34750.95,4.023,180,PA,PURCHASE,D,4-7 years,$50k-$100k,CURRENT,0,Servicer_A,2024-02-17,2026-09-14T16:24:39,AVAILABLE,ORIGINATION_DB
L-100467,B-92273,FHA,2018-06-17,2028-06-16,428670.37,181758.71,3.216,120,NY,REFINANCE,C,1-3 years,$100k-$150k,CURRENT,0,Servicer_B,2024-01-29,2026-09-14T16:24:39,AVAILABLE,ORIGINATION_DB
L-100372,B-69620,FHA,2020-05-01,2030-05-02,496566.29,265861.18,5.032,120,PA,REFINANCE,D,< 1 year,$0-$50k,CURRENT,0,Servicer_C,2024-01-02,2026-09-14T16:24:39,AVAILABLE,ORIGINATION_DB
L-100816,B-68968,JUMBO,2018-08-19,2028-08-19,289333.45,92070.34,7.076,120,NC,REFINANCE,A,4-7 years,$50k-$100k,CURRENT,0,Servicer_B,2024-01-22,2026-09-14T16:24:39,AVAILABLE,ORIGINATION_DB
L-100539,B-96602,FHA,2017-04-08,2027-04-09,285790.54,187506.49,3.534,120,GA,PURCHASE,C,8-10 years,$0-$50k,CURRENT,0,Servicer_A,2024-01-24,2026-09-14T16:24:39,AVAILABLE,ORIGINATION_DB
L-100648,B-39256,VA,2019-08-07,2029-08-07,486942.63,221801.64,2.885,120,IL,REFINANCE,C,4-7 years,$50k-$100k,CURRENT,0,Servicer_C,2024-01-17,2026-09-14T16:24:39,AVAILABLE,ORIGINATION_DB
L-100331,B-14309,JUMBO,2018-12-24,2033-12-24,121993.64,59053.88,2.782,180,TX,CASH_OUT,C,10+ years,$150k+,CURRENT,0,Servicer_B,2024-01-12,2026-09-14T16:24:39,AVAILABLE,ORIGINATION_DB
L-100851,B-39563,VA,2016-02-12,2026-02-12,404201.54,70914.16,2.682,120,IL,REFINANCE,C,< 1 year,$50k-$100k,CURRENT,0,Servicer_B,2024-01-05,2026-09-14T16:24:39,AVAILABLE,ORIGINATION_DB
L-100495,B-98855,FHA,2023-11-14,2038-11-14,386825.27,48024.9,5.707,180,NC,REFINANCE,C,8-10 years,$150k+,CURRENT,0,Servicer_C,2024-01-22,2026-09-14T16:24:39,AVAILABLE,ORIGINATION_DB
L-100355,B-17947,JUMBO,2022-11-26,2037-11-27,405084.63,360694.15,7.399,180,PA,CASH_OUT,D,1-3 years,$150k+,CURRENT,0,Servicer_C,2024-02-25,2026-09-14T16:24:39,AVAILABLE,ORIGINATION_DB
L-100352,B-74754,CONVENTIONAL,2020-06-28,2035-06-29,340095.05,46410.35,2.804,180,MI,PURCHASE,D,< 1 year,$50k-$100k,CURRENT,0,Servicer_C,2024-02-10,2026-09-14T16:24:39,AVAILABLE,ORIGINATION_DB
L-100700,B-81618,CONVENTIONAL,2016-11-11,2031-11-12,286442.47,52263.63,4.967,180,MI,CASH_OUT,C,< 1 year,$100k-$150k,CURRENT,0,Servicer_B,2024-02-16,2026-09-14T16:24:39,AVAILABLE,ORIGINATION_DB
L-100224,B-50384,VA,2016-11-15,2026-11-15,476601.44,168173.11,3.185,120,MI,CASH_OUT,C,1-3 years,$0-$50k,CURRENT,0,Servicer_A,2024-02-08,2026-09-14T16:24:39,AVAILABLE,ORIGINATION_DB
L-100290,B-84330,FHA,2018-06-03,2048-06-03,235057.86,104098.62,3.389,360,PA,CASH_OUT,A,4-7 years,$150k+,CURRENT,0,Servicer_B,2024-01-14,2026-09-14T16:24:39,AVAILABLE,ORIGINATION_DB
L-100586,B-65605,FHA,2021-01-24,2036-01-25,478400.22,221673.91,5.963,180,PA,CASH_OUT,B,4-7 years,$100k-$150k,CURRENT,0,Servicer_B,2024-01-25,2026-09-14T16:24:39,AVAILABLE,ORIGINATION_DB
L-100118,B-24982,VA,2021-09-27,2051-09-29,475968.28,253525.03,6.172,360,PA,REFINANCE,B,< 1 year,$50k-$100k,CURRENT,0,Servicer_A,2024-02-05,2026-09-14T16:24:39,AVAILABLE,ORIGINATION_DB
L-100768,B-84723,FHA,2015-08-05,2045-08-06,279922.03,252520.55,7.293,360,GA,PURCHASE,D,8-10 years,$150k+,CURRENT,0,Servicer_C,2024-01-03,2026-09-14T16:24:39,AVAILABLE,ORIGINATION_DB
L-100694,B-30195,FHA,2021-05-04,2031-05-04,202369.95,70531.97,2.546,120,NC,REFINANCE,C,8-10 years,$0-$50k,CURRENT,0,Servicer_C,2024-01-07,2026-09-14T16:24:39,AVAILABLE,ORIGINATION_DB
L-100425,B-10399,CONVENTIONAL,2019-08-01,2034-08-01,180794.37,56742.37,2.541,180,CA,REFINANCE,A,4-7 years,$100k-$150k,CURRENT,0,Servicer_C,2024-01-28,2026-09-14T16:24:39,AVAILABLE,ORIGINATION_DB
L-100065,B-98216,VA,2023-06-16,2053-06-16,330429.79,156844.86,7.472,360,FL,REFINANCE,D,4-7 years,$50k-$100k,CURRENT,0,Servicer_A,2024-02-13,2026-09-14T16:24:39,AVAILABLE,ORIGINATION_DB
L-100099,B-26169,JUMBO,2017-04-19,2032-04-19,486011.34,295071.31,5.059,180,NC,CASH_OUT,A,8-10 years,$0-$50k,CURRENT,0,Servicer_C,2024-02-04,2026-09-14T16:24:39,AVAILABLE,ORIGINATION_DB
L-100350,B-61142,CONVENTIONAL,2018-10-08,2028-10-07,151044.34,20506.59,6.792,120,IL,PURCHASE,D,< 1 year,$50k-$100k,CURRENT,0,Servicer_A,2024-01-10,2026-09-14T16:24:39,AVAILABLE,ORIGINATION_DB
L-100246,B-48604,CONVENTIONAL,2021-08-22,2031-08-23,260813.11,53057.32,6.458,120,NC,CASH_OUT,A,10+ years,$0-$50k,CURRENT,0,Servicer_B,2024-02-10,2026-09-14T16:24:39,AVAILABLE,ORIGINATION_DB
L-100900,B-36299,FHA,2015-05-06,2030-05-06,81736.03,45932.94,6.257,180,OH,REFINANCE,A,4-7 years,$0-$50k,CURRENT,0,Servicer_C,2024-01-18,2026-09-14T16:24:39,AVAILABLE,ORIGINATION_DB
L-100600,B-99565,VA,2020/10/04,2035-10-05,160069.08,144925.46,4.882,180,NY,CASH_OUT,D,8-10 years,$150k+,CURRENT,0,Servicer_C,2024-01-17,2026-09-14T16:24:39,AVAILABLE,ORIGINATION_DB
L-100169,B-36077,FHA,2021-06-22,2031-06-22,302734.14,258345.02,4.821,120,MI,CASH_OUT,B,8-10 years,$0-$50k,CURRENT,0,Servicer_A,2024-01-12,2026-09-14T16:24:39,AVAILABLE,ORIGINATION_DB
L-100211,B-48233,VA,2020-06-20,2030-06-21,86602.79,32074.49,3.194,120,CA,PURCHASE,D,10+ years,$0-$50k,CURRENT,0,Servicer_C,2024-01-28,2026-09-14T16:24:39,AVAILABLE,ORIGINATION_DB
L-100214,B-41208,FHA,2020-03-27,2030-03-27,310630.09,262203.91,5.39,120,CA,PURCHASE,B,8-10 years,$0-$50k,CURRENT,0,Servicer_B,2024-01-15,2026-09-14T16:24:39,AVAILABLE,ORIGINATION_DB
L-100182,B-69035,FHA,2015-06-26,2030-06-26,103080.42,48309.02,7.345,180,OH,REFINANCE,C,10+ years,$150k+,CURRENT,0,Servicer_C,2024-01-22,2026-09-14T16:24:39,AVAILABLE,ORIGINATION_DB
L-100085,B-53054,FHA,2022-09-27,2037-09-27,271342.09,164761.2,6.971,180,CA,CASH_OUT,C,< 1 year,$100k-$150k,CURRENT,0,Servicer_C,2024-02-20,2026-09-14T16:24:39,AVAILABLE,ORIGINATION_DB
L-100432,B-11789,FHA,2017-10-17,2032-10-18,196644.21,118204.0,6.694,180,OH,REFINANCE,A,10+ years,$150k+,CURRENT,0,Servicer_C,2024-01-16,2026-09-14T16:24:39,AVAILABLE,ORIGINATION_DB
L-100195,B-63279,JUMBO,2018-03-20,2033-03-21,302335.27,46951.2,2.695,180,TX,PURCHASE,C,10+ years,$100k-$150k,CURRENT,0,Servicer_C,2024-02-01,2026-09-14T16:24:39,AVAILABLE,ORIGINATION_DB
L-100412,B-87417,VA,2017-01-29,2047-01-31,132892.31,125043.73,4.182,360,MI,CASH_OUT,D,< 1 year,$100k-$150k,CURRENT,0,Servicer_A,2024-02-16,2026-09-14T16:24:39,AVAILABLE,ORIGINATION_DB
L-100150,B-72621,FHA,2023-10-30,2053-10-30,94367.72,24365.75,4.332,360,FL,PURCHASE,D,8-10 years,$150k+,CURRENT,0,Servicer_C,2024-01-18,2026-09-14T16:24:39,AVAILABLE,ORIGINATION_DB
L-100818,B-95943,FHA,2017-02-27,2010-01-01,154308.12,128871.61,3.835,180,TX,CASH_OUT,D,10+ years,$100k-$150k,CURRENT,0,Servicer_A,2024-01-18,2026-09-14T16:24:39,AVAILABLE,ORIGINATION_DB
L-100589,B-44116,JUMBO,2019-08-24,2029-08-24,177097.61,75091.25,3.7,120,FL,PURCHASE,A,10+ years,$100k-$150k,CURRENT,0,Servicer_C,2024-02-03,2026-09-14T16:24:39,AVAILABLE,ORIGINATION_DB
L-100080,B-14766,CONVENTIONAL,2016-07-03,2031-07-04,225686.39,81790.17,5.54,180,PA,CASH_OUT,C,8-10 years,$50k-$100k,CURRENT,0,Servicer_B,2024-01-22,2026-09-14T16:24:39,AVAILABLE,ORIGINATION_DB
L-100740,B-59149,VA,2018-01-11,2028-01-12,325313.5,115284.12,4.241,120,IL,CASH_OUT,C,1-3 years,$0-$50k,CURRENT,0,Servicer_B,2024-01-19,2026-09-14T16:24:39,AVAILABLE,ORIGINATION_DB
L-100738,B-16682,JUMBO,2017-06-19,2032-06-20,326183.01,122529.12,3.709,180,FL,PURCHASE,B,10+ years,$0-$50k,CURRENT,0,Servicer_C,2024-01-19,2026-09-14T16:24:39,AVAILABLE,ORIGINATION_DB
L-100308,B-93679,FHA,2018-10-13,2048-10-13,392374.74,312007.14,3.55,360,IL,PURCHASE,A,4-7 years,$150k+,CURRENT,0,Servicer_A,2024-02-04,2026-09-14T16:24:39,AVAILABLE,ORIGINATION_DB
L-100638,B-51495,FHA,2015-11-12,2045-11-12,257743.82,160945.45,3.571,360,OH,REFINANCE,B,< 1 year,$150k+,CURRENT,0,Servicer_C,2024-01-14,2026-09-14T16:24:39,AVAILABLE,ORIGINATION_DB
L-100082,B-24775,FHA,2023-01-01,2053-01-01,360954.42,140778.88,6.808,360,MI,CASH_OUT,A,4-7 years,$150k+,CURRENT,0,Servicer_C,2024-02-06,2026-09-14T16:24:39,AVAILABLE,ORIGINATION_DB
L-100062,B-12867,CONVENTIONAL,2018-02-07,2033-02-08,180366.18,155220.77,4.851,180,OH,CASH_OUT,A,8-10 years,$50k-$100k,CURRENT,0,Servicer_B,2024-02-04,2026-09-14T16:24:39,AVAILABLE,ORIGINATION_DB
L-100145,B-22326,CONVENTIONAL,2016-12-01,2031-12-02,205226.02,25899.46,4.445,180,FL,CASH_OUT,B,10+ years,$50k-$100k,CURRENT,0,Servicer_A,2024-01-06,2026-09-14T16:24:39,AVAILABLE,ORIGINATION_DB
L-100208,B-58168,FHA,2022-03-19,2032-03-19,302092.72,172415.19,2.584,120,PA,CASH_OUT,C,8-10 years,$0-$50k,CURRENT,0,Servicer_C,2024-01-15,2026-09-14T16:24:39,AVAILABLE,ORIGINATION_DB
L-100516,B-40531,JUMBO,2015-08-09,2045-08-09,179296.49,117852.05,5.354,360,IL,PURCHASE,D,10+ years,$50k-$100k,CURRENT,0,Servicer_B,2024-02-05,2026-09-14T16:24:39,AVAILABLE,ORIGINATION_DB
L-100973,B-42759,CONVENTIONAL,2021-11-03,2036-11-03,273767.48,83542.3,2.637,180,CA,CASH_OUT,C,8-10 years,$150k+,CURRENT,0,Servicer_A,2024-01-06,2026-09-14T16:24:39,AVAILABLE,ORIGINATION_DB
L-100207,B-14884,JUMBO,2023-12-19,2010-01-01,414775.75,190712.75,4.401,120,FL,PURCHASE,D,4-7 years,$150k+,CURRENT,0,Servicer_A,2024-01-26,2026-09-14T16:24:39,AVAILABLE,ORIGINATION_DB
L-100532,B-29845,FHA,2019-04-07,2029-04-07,87225.8,69706.8,2.563,120,NC,REFINANCE,A,1-3 years,$0-$50k,CURRENT,0,Servicer_C,2024-02-28,2026-09-14T16:24:39,AVAILABLE,ORIGINATION_DB
L-100318,B-38109,FHA,2020-09-07,2035-09-09,441647.68,272614.64,4.896,180,FL,PURCHASE,A,4-7 years,$150k+,CURRENT,0,Servicer_A,2024-02-29,2026-09-14T16:24:39,AVAILABLE,ORIGINATION_DB
L-100944,B-21189,CONVENTIONAL,2017-01-11,2047-01-12,438121.45,328489.29,3.09,360,NY,PURCHASE,C,< 1 year,$100k-$150k,CURRENT,0,Servicer_B,2024-02-18,2026-09-14T16:24:39,AVAILABLE,ORIGINATION_DB
,B-53028,CONVENTIONAL,2021-07-16,2036-07-16,377078.96,80095.78,4.688,180,TX,PURCHASE,A,1-3 years,$50k-$100k,CURRENT,0,Servicer_B,2024-01-30,2026-09-14T16:24:39,AVAILABLE,ORIGINATION_DB
L-100967,B-80049,CONVENTIONAL,2022-02-19,2037-02-19,366172.13,263825.83,7.486,180,FL,PURCHASE,B,10+ years,$50k-$100k,CURRENT,0,Servicer_C,2024-01-25,2026-09-14T16:24:39,AVAILABLE,ORIGINATION_DB
L-100120,B-46823,VA,2017-10-26,2047-10-27,380921.01,97450.15,3.362,360,PA,CASH_OUT,B,1-3 years,$100k-$150k,CURRENT,0,Servicer_B,2024-02-22,2026-09-14T16:24:39,AVAILABLE,ORIGINATION_DB
L-100920,B-81768,VA,2023-04-07,2033-04-07,367730.26,49553.79,2.698,120,IL,PURCHASE,B,< 1 year,$150k+,CURRENT,0,Servicer_C,2024-01-19,2026-09-14T16:24:39,AVAILABLE,ORIGINATION_DB
L-100438,B-16630,FHA,2017-11-21,2047-11-23,364515.38,133827.86,6.088,360,PA,REFINANCE,B,< 1 year,$150k+,CURRENT,0,Servicer_A,2024-02-09,2026-09-14T16:24:39,AVAILABLE,ORIGINATION_DB
L-100861,B-89437,JUMBO,2021-05-28,2051-05-29,231661.55,185590.04,5.691,360,NC,PURCHASE,B,< 1 year,$150k+,CURRENT,0,Servicer_C,2024-02-21,2026-09-14T16:24:39,AVAILABLE,ORIGINATION_DB
L-100289,B-12455,VA,2021-06-10,2031-06-11,98049.89,86627.95,3.34,120,FL,CASH_OUT,B,8-10 years,$0-$50k,CURRENT,0,Servicer_A,2024-01-29,2026-09-14T16:24:39,AVAILABLE,ORIGINATION_DB
L-100984,B-21437,FHA,2023-07-02,2053-07-02,188425.06,31392.52,6.478,360,IL,PURCHASE,D,1-3 years,$0-$50k,CURRENT,0,Servicer_C,2024-01-27,2026-09-14T16:24:39,AVAILABLE,ORIGINATION_DB
L-100857,B-33534,FHA,2019-03-26,2049-03-26,241454.25,67602.58,4.191,360,IL,REFINANCE,D,4-7 years,$150k+,CURRENT,0,Servicer_A,2024-01-14,2026-09-14T16:24:39,AVAILABLE,ORIGINATION_DB
L-100095,B-15903,VA,2021-05-06,2031-05-07,262027.16,241429.29,5.145,120,CA,REFINANCE,C,< 1 year,$50k-$100k,CURRENT,0,Servicer_A,2024-02-20,2026-09-14T16:24:39,AVAILABLE,ORIGINATION_DB
L-100012,B-70559,FHA,2015-12-09,2025-12-09,112000.58,33358.86,5.567,120,MI,PURCHASE,C,10+ years,$50k-$100k,CURRENT,0,Servicer_B,2024-01-09,2026-09-14T16:24:39,AVAILABLE,ORIGINATION_DB
L-100872,B-55828,JUMBO,2016-02-11,2031-02-12,252033.67,229821.88,4.375,180,CA,CASH_OUT,A,10+ years,$100k-$150k,CURRENT,0,Servicer_A,2024-02-23,2026-09-14T16:24:39,AVAILABLE,ORIGINATION_DB
L-100921,B-31519,FHA,2015-08-07,2045-08-08,432148.68,309450.94,3.62,360,CA,CASH_OUT,D,1-3 years,$100k-$150k,CURRENT,0,Servicer_A,2024-01-12,2026-09-14T16:24:39,AVAILABLE,ORIGINATION_DB
L-100441,B-83197,VA,2017-08-26,2027-08-26,370023.69,236423.93,5.239,120,FL,CASH_OUT,A,10+ years,$150k+,CURRENT,0,Servicer_A,2024-02-06,2026-09-14T16:24:39,AVAILABLE,ORIGINATION_DB
L-100344,B-40565,VA,2017-02-16,2047-02-17,466573.13,297287.39,5.077,360,OH,PURCHASE,D,4-7 years,$150k+,CURRENT,0,Servicer_A,2024-02-19,2026-09-14T16:24:39,AVAILABLE,ORIGINATION_DB
L-100848,B-48771,VA,2016-01-30,2026-01-29,441848.44,211770.23,3.152,120,OH,CASH_OUT,C,< 1 year,$0-$50k,CURRENT,0,Servicer_A,2024-02-10,2026-09-14T16:24:39,AVAILABLE,ORIGINATION_DB
L-100336,B-55130,VA,2015-10-13,2045-10-14,102835.15,19591.92,3.362,360,GA,CASH_OUT,D,1-3 years,$150k+,CURRENT,0,Servicer_A,2024-01-09,2026-09-14T16:24:39,AVAILABLE,ORIGINATION_DB
L-100720,B-47705,CONVENTIONAL,2019-05-16,2034-05-16,491473.86,50000.0,4.644,180,MI,PURCHASE,C,10+ years,$150k+,CLOSED,0,Servicer_B,2024-02-07,2026-09-14T16:24:39,AVAILABLE,ORIGINATION_DB
L-100424,B-15693,JUMBO,2023-05-27,2033-05-27,253731.43,183196.72,4.335,120,NY,CASH_OUT,A,8-10 years,$50k-$100k,CURRENT,0,Servicer_C,2024-01-15,2026-09-14T16:24:39,AVAILABLE,ORIGINATION_DB
L-100087,B-36725,VA,2017-04-22,2032-04-22,188727.11,32012.25,6.768,180,NY,PURCHASE,B,< 1 year,$100k-$150k,CURRENT,0,Servicer_B,2024-02-27,2026-09-14T16:24:39,AVAILABLE,ORIGINATION_DB
L-100496,B-76000,FHA,2016-01-11,2046-01-11,200785.27,131453.32,6.239,360,CA,PURCHASE,A,10+ years,$0-$50k,CURRENT,0,Servicer_C,2024-01-26,2026-09-14T16:24:39,AVAILABLE,ORIGINATION_DB
L-100306,B-75223,JUMBO,2021-01-16,2036-01-18,436210.47,254841.23,2.942,180,TX,REFINANCE,B,1-3 years,$150k+,CURRENT,0,Servicer_B,2024-01-23,2026-09-14T16:24:39,AVAILABLE,ORIGINATION_DB
L-100592,B-88336,CONVENTIONAL,2015-09-04,2045-09-05,184529.1,38139.41,5.959,360,NC,REFINANCE,B,1-3 years,$50k-$100k,CURRENT,0,Servicer_B,2024-01-19,2026-09-14T16:24:39,AVAILABLE,ORIGINATION_DB
L-100559,B-84816,FHA,2023-02-28,2053-03-01,337073.56,93133.36,4.311,360,MI,CASH_OUT,C,4-7 years,$150k+,CURRENT,0,Servicer_B,2024-02-24,2026-09-14T16:24:39,AVAILABLE,ORIGINATION_DB
L-100613,B-51655,CONVENTIONAL,2020-11-08,2050-11-09,249765.57,111344.41,3.747,360,CA,PURCHASE,B,< 1 year,$50k-$100k,CURRENT,0,Servicer_C,2024-01-18,2026-09-14T16:24:39,AVAILABLE,ORIGINATION_DB
L-100815,B-81443,JUMBO,2019-06-19,2029-06-19,255286.89,36401.62,2.673,120,FL,REFINANCE,C,< 1 year,$50k-$100k,CURRENT,0,Servicer_A,2024-01-15,2026-09-14T16:24:39,AVAILABLE,ORIGINATION_DB
L-100786,B-35769,CONVENTIONAL,2021-03-08,2051-03-10,450599.64,243714.52,5.281,360,CA,CASH_OUT,B,1-3 years,$150k+,CURRENT,0,Servicer_A,2024-02-01,2026-09-14T16:24:39,AVAILABLE,ORIGINATION_DB
L-100004,B-47237,VA,2021-10-29,2036-10-29,291625.58,32476.85,6.235,180,FL,REFINANCE,C,8-10 years,$100k-$150k,CURRENT,0,Servicer_C,2024-02-13,2026-09-14T16:24:39,AVAILABLE,ORIGINATION_DB
L-100520,B-35123,FHA,2022-08-04,2032-08-04,105814.13,82389.31,4.082,120,NC,REFINANCE,A,4-7 years,$50k-$100k,CURRENT,0,Servicer_B,2024-02-08,2026-09-14T16:24:39,AVAILABLE,ORIGINATION_DB
L-100158,B-51170,FHA,2015-08-06,2030-08-06,132399.56,19995.15,4.577,180,OH,CASH_OUT,D,10+ years,$100k-$150k,CURRENT,0,Servicer_A,2024-01-01,2026-09-14T16:24:39,AVAILABLE,ORIGINATION_DB
L-100641,B-22456,CONVENTIONAL,2022-03-09,2032-03-09,357408.26,176928.48,2.864,120,TX,REFINANCE,A,8-10 years,$50k-$100k,CURRENT,0,Servicer_C,2024-02-11,2026-09-14T16:24:39,AVAILABLE,ORIGINATION_DB
L-100854,B-42239,CONVENTIONAL,2015-01-29,2030-01-30,172729.75,141677.66,4.075,180,IL,REFINANCE,C,8-10 years,$100k-$150k,CURRENT,0,Servicer_C,2024-02-03,2026-09-14T16:24:39,AVAILABLE,ORIGINATION_DB
L-100261,B-93393,VA,2023/01/13,2033-01-12,221439.07,57921.92,4.708,120,MI,CASH_OUT,C,1-3 years,$150k+,CURRENT,0,Servicer_B,2024-02-09,2026-09-14T16:24:39,AVAILABLE,ORIGINATION_DB
L-100646,B-61802,FHA,2015-12-23,2030-12-23,488504.77,323115.33,6.949,180,PA,CASH_OUT,C,1-3 years,$100k-$150k,CURRENT,0,Servicer_C,2024-01-23,2026-09-14T16:24:39,AVAILABLE,ORIGINATION_DB
L-100978,B-65224,VA,2021-10-05,2031-10-06,158467.45,148842.35,6.119,120,OH,REFINANCE,C,1-3 years,$100k-$150k,CURRENT,0,Servicer_B,2024-01-24,2026-09-14T16:24:39,AVAILABLE,ORIGINATION_DB
L-100821,B-19512,VA,2019-05-01,2034-05-01,180819.95,169317.55,4.151,180,FL,CASH_OUT,B,< 1 year,$50k-$100k,CURRENT,0,Servicer_A,2024-02-27,2026-09-14T16:24:39,AVAILABLE,ORIGINATION_DB
L-100489,B-46493,FHA,2023-02-04,2033-02-04,368485.4,232692.49,2.681,120,FL,CASH_OUT,C,10+ years,$50k-$100k,CURRENT,0,Servicer_C,2024-02-05,2026-09-14T16:24:39,AVAILABLE,ORIGINATION_DB
L-100709,B-58974,JUMBO,2023-03-03,2033-03-03,86321.33,61777.71,7.329,120,NC,PURCHASE,C,8-10 years,$0-$50k,CURRENT,0,Servicer_A,2024-02-04,2026-09-14T16:24:39,AVAILABLE,ORIGINATION_DB
L-100946,B-49918,VA,2021-07-06,2036-07-06,450612.73,123534.24,7.294,180,NC,REFINANCE,D,10+ years,$150k+,CURRENT,0,Servicer_B,2024-01-13,2026-09-14T16:24:39,AVAILABLE,ORIGINATION_DB
L-100192,B-70012,FHA,2018-07-26,2028-07-26,278317.5,120638.93,4.437,120,GA,REFINANCE,D,4-7 years,$50k-$100k,CURRENT,0,Servicer_C,2024-02-25,2026-09-14T16:24:39,AVAILABLE,ORIGINATION_DB
L-100902,B-48346,FHA,2016-12-17,2046-12-19,429034.8,54030.4,3.593,360,CA,CASH_OUT,C,4-7 years,$150k+,CURRENT,0,Servicer_A,2024-01-31,2026-09-14T16:24:39,AVAILABLE,ORIGINATION_DB
L-100143,B-87857,FHA,2021-05-03,2031-05-04,266811.31,206163.53,5.79,120,NY,REFINANCE,D,8-10 years,$0-$50k,CURRENT,0,Servicer_B,2024-01-22,2026-09-14T16:24:39,AVAILABLE,ORIGINATION_DB
L-100442,B-56592,VA,2015-05-07,2045-05-07,474209.09,97799.31,3.488,360,NC,PURCHASE,B,1-3 years,$100k-$150k,CURRENT,0,Servicer_C,2024-02-16,2026-09-14T16:24:39,AVAILABLE,ORIGINATION_DB
L-100370,B-28935,CONVENTIONAL,2023-04-16,2033-04-16,178975.86,128684.58,3.008,120,MI,CASH_OUT,C,< 1 year,$150k+,CURRENT,0,Servicer_B,2024-01-28,2026-09-14T16:24:39,AVAILABLE,ORIGINATION_DB
L-100620,B-62197,FHA,2021-03-22,2051-03-23,127876.02,36966.09,7.372,360,MI,CASH_OUT,A,1-3 years,$100k-$150k,CURRENT,0,Servicer_C,2024-02-14,2026-09-14T16:24:39,AVAILABLE,ORIGINATION_DB
L-100998,B-94719,FHA,2022-10-21,2032-10-20,174955.72,81660.25,5.396,120,IL,REFINANCE,C,8-10 years,$0-$50k,CURRENT,0,Servicer_B,2024-02-24,2026-09-14T16:24:39,AVAILABLE,ORIGINATION_DB
L-100116,B-60339,JUMBO,2016-08-20,2026-08-21,68896.72,58310.59,2.888,120,FL,REFINANCE,D,8-10 years,$150k+,CURRENT,0,Servicer_B,2024-02-23,2026-09-14T16:24:39,AVAILABLE,ORIGINATION_DB
L-100171,B-28255,CONVENTIONAL,2022-03-31,2037-03-31,147513.16,25243.36,6.485,180,IL,REFINANCE,C,< 1 year,$50k-$100k,CURRENT,0,Servicer_A,2024-01-28,2026-09-14T16:24:39,AVAILABLE,ORIGINATION_DB
L-100079,B-85827,CONVENTIONAL,2017-09-22,2047-09-23,177852.04,89619.97,5.029,360,OH,CASH_OUT,B,10+ years,$150k+,CURRENT,0,Servicer_B,2024-01-14,2026-09-14T16:24:39,AVAILABLE,ORIGINATION_DB
L-100512,B-47146,FHA,2018-08-07,2048-08-08,83881.18,17252.75,5.288,360,OH,PURCHASE,D,1-3 years,$50k-$100k,CURRENT,0,Servicer_C,2024-01-18,2026-09-14T16:24:39,AVAILABLE,ORIGINATION_DB
L-100778,B-54592,CONVENTIONAL,2023-10-25,2038-10-25,286964.5,97420.15,3.739,180,NC,CASH_OUT,C,1-3 years,$100k-$150k,CURRENT,0,Servicer_C,2024-01-30,2026-09-14T16:24:39,AVAILABLE,ORIGINATION_DB
L-100742,B-43936,JUMBO,2022-08-27,2037-08-27,284599.07,252614.91,6.734,180,TX,REFINANCE,A,10+ years,$100k-$150k,CURRENT,0,Servicer_B,2024-02-07,2026-09-14T16:24:39,AVAILABLE,ORIGINATION_DB
L-100856,B-71994,CONVENTIONAL,2023-12-09,2038-12-09,89893.7,53226.2,3.91,180,FL,PURCHASE,A,10+ years,$100k-$150k,CURRENT,0,Servicer_A,2024-02-05,2026-09-14T16:24:39,AVAILABLE,ORIGINATION_DB
L-100935,B-61999,JUMBO,2019-03-08,2049-03-08,105380.59,85113.46,2.895,360,FL,PURCHASE,C,10+ years,$0-$50k,CURRENT,0,Servicer_C,2024-02-09,2026-09-14T16:24:39,AVAILABLE,ORIGINATION_DB
L-100668,B-21466,CONVENTIONAL,2018-07-21,2028-07-20,312640.84,45227.45,4.866,120,PA,CASH_OUT,C,8-10 years,$50k-$100k,CURRENT,0,Servicer_C,2024-02-28,2026-09-14T16:24:39,AVAILABLE,ORIGINATION_DB
L-100268,B-62593,JUMBO,2023-06-06,2038-06-07,53984.73,46609.03,3.061,180,FL,PURCHASE,B,1-3 years,$100k-$150k,CURRENT,0,Servicer_A,2024-01-09,2026-09-14T16:24:39,AVAILABLE,ORIGINATION_DB
L-100828,B-70814,CONVENTIONAL,2021-08-25,2031-08-26,440866.72,312554.7,7.054,120,CA,PURCHASE,B,1-3 years,$100k-$150k,CURRENT,0,Servicer_C,2024-02-17,2026-09-14T16:24:39,AVAILABLE,ORIGINATION_DB
L-100209,B-52286,VA,2019-12-18,2034-12-18,309359.38,270176.74,7.152,180,MI,CASH_OUT,C,< 1 year,$100k-$150k,CURRENT,0,Servicer_B,2024-01-23,2026-09-14T16:24:39,AVAILABLE,ORIGINATION_DB
L-100410,B-99072,FHA,2018-04-05,2028-04-05,258447.79,105740.46,4.372,120,NC,REFINANCE,A,< 1 year,$150k+,CURRENT,0,Servicer_A,2024-01-16,2026-09-14T16:24:39,AVAILABLE,ORIGINATION_DB
L-100453,B-56884,FHA,2020-01-28,2035-01-28,109444.51,51900.1,2.749,180,CA,CASH_OUT,A,< 1 year,$150k+,CURRENT,0,Servicer_A,2024-01-03,2026-09-14T16:24:39,AVAILABLE,ORIGINATION_DB
L-100545,B-54476,JUMBO,2018-09-21,2048-09-21,408306.61,363394.97,6.345,360,NC,CASH_OUT,C,8-10 years,$150k+,CURRENT,0,Servicer_C,2024-01-01,2026-09-14T16:24:39,AVAILABLE,ORIGINATION_DB
L-100123,B-64805,CONVENTIONAL,2017-04-29,2047-04-30,415124.21,209804.89,6.341,360,OH,REFINANCE,B,8-10 years,$50k-$100k,CURRENT,0,Servicer_C,2024-02-11,2026-09-14T16:24:39,AVAILABLE,ORIGINATION_DB
L-100904,B-30997,CONVENTIONAL,2020-07-10,2030-07-11,324021.1,253027.74,3.705,120,OH,CASH_OUT,A,4-7 years,$0-$50k,CURRENT,0,Servicer_A,2024-01-10,2026-09-14T16:24:39,AVAILABLE,ORIGINATION_DB
L-100748,B-49287,VA,2015-12-18,2025-12-18,393316.49,279913.02,4.613,120,GA,CASH_OUT,A,4-7 years,$50k-$100k,CURRENT,0,Servicer_A,2024-01-03,2026-09-14T16:24:39,AVAILABLE,ORIGINATION_DB
L-100922,B-86837,FHA,2019-10-08,2029-10-07,201264.93,31024.01,4.428,120,OH,REFINANCE,D,10+ years,$100k-$150k,CURRENT,0,Servicer_A,2024-02-10,2026-09-14T16:24:39,AVAILABLE,ORIGINATION_DB
L-100437,B-62878,VA,2023-12-05,2053-12-05,159999.91,66301.6,3.018,360,FL,CASH_OUT,D,< 1 year,$0-$50k,CURRENT,0,Servicer_C,2024-01-11,2026-09-14T16:24:39,AVAILABLE,ORIGINATION_DB
L-100614,B-42653,FHA,2023-02-05,2053-02-05,270426.09,254261.57,7.288,360,NC,PURCHASE,A,1-3 years,$100k-$150k,CURRENT,0,Servicer_C,2024-01-03,2026-09-14T16:24:39,AVAILABLE,ORIGINATION_DB
L-100468,B-99270,VA,2020-02-27,2035-02-27,262924.17,103976.3,5.253,180,NY,CASH_OUT,D,1-3 years,$150k+,CURRENT,0,Servicer_B,2024-02-21,2026-09-14T16:24:39,AVAILABLE,ORIGINATION_DB
L-100847,B-54342,VA,2016-01-11,2046-01-11,344605.7,319694.14,3.634,360,NC,PURCHASE,C,10+ years,$0-$50k,CURRENT,0,Servicer_B,2024-02-24,2026-09-14T16:24:39,AVAILABLE,ORIGINATION_DB
L-100197,B-16822,FHA,2015-07-06,2045-07-07,472812.81,180394.52,3.602,360,FL,PURCHASE,A,< 1 year,$0-$50k,CURRENT,0,Servicer_B,2024-02-02,2026-09-14T16:24:39,AVAILABLE,ORIGINATION_DB
L-100877,B-25589,VA,2020-11-28,2050-11-30,197424.4,66668.83,5.345,360,GA,REFINANCE,B,1-3 years,$150k+,CURRENT,0,Servicer_B,2024-02-18,2026-09-14T16:24:39,AVAILABLE,ORIGINATION_DB
L-100250,B-58644,JUMBO,2021-03-09,2036-03-09,339149.55,214524.2,4.844,180,CA,CASH_OUT,C,1-3 years,$100k-$150k,CURRENT,0,Servicer_C,2024-01-23,2026-09-14T16:24:39,AVAILABLE,ORIGINATION_DB
L-100885,B-78104,JUMBO,2019-04-29,2049-04-30,56873.14,41412.41,5.136,360,OH,PURCHASE,A,4-7 years,$150k+,CURRENT,0,Servicer_B,2024-01-21,2026-09-14T16:24:39,AVAILABLE,ORIGINATION_DB
L-100811,B-10330,FHA,2023-01-21,2053-01-22,356730.07,166274.99,5.924,360,FL,CASH_OUT,A,1-3 years,$100k-$150k,CURRENT,0,Servicer_B,2024-01-22,2026-09-14T16:24:39,AVAILABLE,ORIGINATION_DB
L-100940,B-38547,CONVENTIONAL,2022-08-29,2032-08-29,149735.21,51238.47,5.217,120,TX,REFINANCE,A,< 1 year,$50k-$100k,CURRENT,0,Servicer_C,2024-01-05,2026-09-14T16:24:39,AVAILABLE,ORIGINATION_DB
L-100055,B-76284,FHA,2021-08-22,2031-08-23,224974.96,89730.0,4.755,120,MI,CASH_OUT,B,< 1 year,$100k-$150k,CURRENT,0,Servicer_A,2024-02-26,2026-09-14T16:24:39,AVAILABLE,ORIGINATION_DB
L-100621,B-11838,FHA,2021-09-20,2036-09-20,232951.03,120114.53,5.382,180,PA,REFINANCE,B,8-10 years,$50k-$100k,CURRENT,0,Servicer_C,2024-01-28,2026-09-14T16:24:39,AVAILABLE,ORIGINATION_DB
L-100679,B-64393,FHA,2015-05-03,2025-05-03,210067.55,185086.64,4.812,120,GA,REFINANCE,B,8-10 years,$50k-$100k,CURRENT,0,Servicer_C,2024-01-28,2026-09-14T16:24:39,AVAILABLE,ORIGINATION_DB
L-100307,B-10557,CONVENTIONAL,2023-07-01,2038-07-02,368713.19,259415.82,7.073,180,PA,REFINANCE,D,1-3 years,$50k-$100k,CURRENT,0,Servicer_A,2024-01-10,2026-09-14T16:24:39,AVAILABLE,ORIGINATION_DB
L-100364,B-96919,VA,2023-10-18,2038-10-19,174886.7,100452.81,7.172,180,CA,CASH_OUT,B,4-7 years,$50k-$100k,CURRENT,0,Servicer_B,2024-01-09,2026-09-14T16:24:39,AVAILABLE,ORIGINATION_DB
L-100219,B-35945,FHA,2016-01-28,2031-01-28,293597.58,97088.5,7.44,180,IL,CASH_OUT,C,< 1 year,$0-$50k,CURRENT,0,Servicer_C,2024-01-16,2026-09-14T16:24:39,AVAILABLE,ORIGINATION_DB
L-100302,B-67522,VA,2019-02-07,2034-02-07,258972.96,80481.26,3.032,180,OH,REFINANCE,B,< 1 year,$0-$50k,CURRENT,0,Servicer_A,2024-02-06,2026-09-14T16:24:39,AVAILABLE,ORIGINATION_DB
L-100404,B-58538,JUMBO,2021-12-07,2031-12-08,212851.78,40797.65,6.178,120,TX,CASH_OUT,D,8-10 years,$150k+,CURRENT,0,Servicer_C,2024-01-08,2026-09-14T16:24:39,AVAILABLE,ORIGINATION_DB
L-100573,B-53943,VA,2020-12-09,2050-12-11,320238.22,46154.83,6.394,360,CA,PURCHASE,A,4-7 years,$100k-$150k,CURRENT,0,Servicer_B,2024-02-05,2026-09-14T16:24:39,AVAILABLE,ORIGINATION_DB
L-100832,B-87328,JUMBO,2016-06-22,2026-06-23,432682.01,357191.47,6.92,120,TX,PURCHASE,D,1-3 years,$100k-$150k,CURRENT,0,Servicer_B,2024-02-23,2026-09-14T16:24:39,AVAILABLE,ORIGINATION_DB
L-100269,B-59729,CONVENTIONAL,2017-06-04,2032-06-04,260413.12,103645.53,5.065,180,FL,PURCHASE,C,1-3 years,$150k+,CURRENT,0,Servicer_B,2024-01-10,2026-09-14T16:24:39,AVAILABLE,ORIGINATION_DB
L-100338,B-89655,FHA,2016-11-17,2026-11-18,51710.16,30391.37,5.16,120,CA,REFINANCE,D,4-7 years,$150k+,CURRENT,0,Servicer_C,2024-01-13,2026-09-14T16:24:39,AVAILABLE,ORIGINATION_DB
L-100051,B-17880,VA,2022-07-25,2032-07-25,67641.08,35918.67,3.444,120,GA,REFINANCE,B,4-7 years,$50k-$100k,CURRENT,0,Servicer_B,2024-01-04,2026-09-14T16:24:39,AVAILABLE,ORIGINATION_DB
L-100536,B-89122,VA,2016-09-21,2046-09-23,143159.18,60056.78,7.033,360,TX,REFINANCE,B,10+ years,$100k-$150k,CURRENT,0,Servicer_A,2024-01-20,2026-09-14T16:24:39,AVAILABLE,ORIGINATION_DB
L-100247,B-58107,CONVENTIONAL,2016-01-13,2046-01-13,479425.03,359037.67,2.512,360,IL,REFINANCE,C,8-10 years,$0-$50k,CURRENT,0,Servicer_C,2024-02-10,2026-09-14T16:24:39,AVAILABLE,ORIGINATION_DB
L-100981,B-46286,VA,2023-02-06,2038-02-06,394097.12,142807.58,3.984,180,TX,CASH_OUT,D,4-7 years,$0-$50k,CURRENT,0,Servicer_A,2024-01-01,2026-09-14T16:24:39,AVAILABLE,ORIGINATION_DB
L-100265,B-55042,CONVENTIONAL,2023-03-08,2053-03-08,425301.86,138368.0,5.702,360,NC,REFINANCE,D,1-3 years,$150k+,CURRENT,0,Servicer_B,2024-01-12,2026-09-14T16:24:39,AVAILABLE,ORIGINATION_DB
L-100263,B-25311,VA,2019-04-09,2029-04-09,325814.71,181224.07,7.431,120,OH,REFINANCE,B,10+ years,$50k-$100k,CURRENT,0,Servicer_C,2024-01-27,2026-09-14T16:24:39,AVAILABLE,ORIGINATION_DB
L-100936,B-82506,VA,2023-08-26,2053-08-27,274900.31,65001.16,4.288,360,TX,PURCHASE,B,8-10 years,$150k+,CURRENT,0,Servicer_B,2024-02-22,2026-09-14T16:24:39,AVAILABLE,ORIGINATION_DB
L-100260,B-99147,VA,2019-08-23,2029-08-22,402045.88,226656.17,6.076,120,NY,CASH_OUT,B,10+ years,$100k-$150k,CURRENT,0,Servicer_C,2024-02-15,2026-09-14T16:24:39,AVAILABLE,ORIGINATION_DB
L-100048,B-58201,VA,2022-03-30,2032-03-30,207204.25,46778.75,3.796,120,NY,CASH_OUT,A,10+ years,$150k+,CURRENT,0,Servicer_B,2024-01-11,2026-09-14T16:24:39,AVAILABLE,ORIGINATION_DB
L-100563,B-92788,JUMBO,2020-05-28,2030-05-29,112046.27,77315.12,5.959,120,TX,REFINANCE,A,10+ years,$100k-$150k,CURRENT,0,Servicer_A,2024-01-07,2026-09-14T16:24:39,AVAILABLE,ORIGINATION_DB
L-100146,B-23345,CONVENTIONAL,2016-09-08,2031-09-10,106764.12,32680.44,3.469,180,TX,REFINANCE,B,10+ years,$150k+,CURRENT,0,Servicer_A,2024-02-24,2026-09-14T16:24:39,AVAILABLE,ORIGINATION_DB
L-100788,B-39331,VA,2019-07-03,2029-07-03,58129.71,38048.73,3.358,120,GA,PURCHASE,A,1-3 years,$150k+,CURRENT,0,Servicer_A,2024-01-16,2026-09-14T16:24:39,AVAILABLE,ORIGINATION_DB
L-100595,B-97077,FHA,2015-05-03,2030-05-03,297013.09,233166.42,5.496,180,PA,PURCHASE,C,10+ years,$0-$50k,CURRENT,0,Servicer_C,2024-01-28,2026-09-14T16:24:39,AVAILABLE,ORIGINATION_DB
L-100273,B-51646,CONVENTIONAL,2015-01-20,2025-01-20,377641.59,45596.38,3.174,120,FL,PURCHASE,A,4-7 years,$50k-$100k,CURRENT,0,Servicer_B,2024-02-06,2026-09-14T16:24:39,AVAILABLE,ORIGINATION_DB
L-100420,B-46978,VA,2015-07-14,2030-07-14,224445.99,92171.11,4.442,180,OH,PURCHASE,B,10+ years,$50k-$100k,CURRENT,0,Servicer_A,2024-02-03,2026-09-14T16:24:39,AVAILABLE,ORIGINATION_DB
L-100129,B-54217,CONVENTIONAL,2017-05-13,2047-05-15,87836.84,54500.79,6.787,360,NC,PURCHASE,B,< 1 year,$50k-$100k,CURRENT,0,Servicer_A,2024-02-13,2026-09-14T16:24:39,AVAILABLE,ORIGINATION_DB
L-100725,B-69840,JUMBO,2023-07-31,2053-08-01,228393.16,143927.77,3.632,360,GA,CASH_OUT,C,< 1 year,$150k+,CURRENT,0,Servicer_A,2024-02-15,2026-09-14T16:24:39,AVAILABLE,ORIGINATION_DB
L-100534,B-40470,JUMBO,2020-07-02,2050-07-04,106391.29,98077.48,3.141,360,NC,REFINANCE,D,< 1 year,$50k-$100k,CURRENT,0,Servicer_A,2024-01-07,2026-09-14T16:24:39,AVAILABLE,ORIGINATION_DB
L-100001,B-67007,CONVENTIONAL,2021-01-10,2051-01-11,362346.72,248730.44,4.877,360,GA,REFINANCE,C,4-7 years,$150k+,CURRENT,0,Servicer_A,2024-01-06,2026-09-14T16:24:39,AVAILABLE,ORIGINATION_DB
L-100912,B-90742,FHA,2018-04-05,2033-04-05,442682.78,154274.62,6.954,180,NC,REFINANCE,C,1-3 years,$50k-$100k,CURRENT,0,Servicer_A,2024-01-08,2026-09-14T16:24:39,AVAILABLE,ORIGINATION_DB
L-100369,B-18155,JUMBO,2019-05-26,2029-05-26,358568.04,231017.96,6.914,120,PA,REFINANCE,C,4-7 years,$100k-$150k,CURRENT,0,Servicer_C,2024-01-25,2026-09-14T16:24:39,AVAILABLE,ORIGINATION_DB
L-100571,B-77157,VA,2016-07-31,2026-08-01,434095.7,381235.51,3.108,120,GA,CASH_OUT,D,4-7 years,$150k+,CURRENT,0,Servicer_C,2024-02-17,2026-09-14T16:24:39,AVAILABLE,ORIGINATION_DB
L-100488,B-43026,FHA,2015-07-08,2030-07-09,178848.83,120962.95,2.818,180,FL,REFINANCE,C,1-3 years,$100k-$150k,CURRENT,0,Servicer_A,2024-02-14,2026-09-14T16:24:39,AVAILABLE,ORIGINATION_DB
L-100632,B-28079,JUMBO,2019-07-07,2049-07-08,203668.21,70173.87,6.633,360,GA,PURCHASE,A,8-10 years,$50k-$100k,CURRENT,0,Servicer_C,2024-02-18,2026-09-14T16:24:39,AVAILABLE,ORIGINATION_DB
L-100773,B-93513,CONVENTIONAL,2017-04-26,2047-04-27,55570.62,8417.38,4.219,360,NC,PURCHASE,C,1-3 years,$50k-$100k,CURRENT,0,Servicer_C,2024-01-22,2026-09-14T16:24:39,AVAILABLE,ORIGINATION_DB
L-100736,B-11037,JUMBO,2015-02-22,2045-02-22,389401.01,353807.56,5.519,360,TX,PURCHASE,B,< 1 year,$150k+,CURRENT,0,Servicer_C,2024-01-18,2026-09-14T16:24:39,AVAILABLE,ORIGINATION_DB
L-100398,B-66848,FHA,2015-01-26,2025-01-26,246866.63,164825.65,4.768,120,GA,CASH_OUT,D,10+ years,$150k+,CURRENT,0,Servicer_C,2024-02-11,2026-09-14T16:24:39,AVAILABLE,ORIGINATION_DB
L-100205,B-19127,VA,2022-07-07,2032-07-07,477001.41,49524.44,3.703,120,CA,PURCHASE,C,< 1 year,$50k-$100k,CURRENT,0,Servicer_A,2024-01-10,2026-09-14T16:24:39,AVAILABLE,ORIGINATION_DB
L-100908,B-52146,VA,2017-01-17,2027-01-18,405062.54,178011.25,6.686,120,GA,PURCHASE,B,1-3 years,$0-$50k,CURRENT,0,Servicer_A,2024-01-11,2026-09-14T16:24:39,AVAILABLE,ORIGINATION_DB
L-100905,B-65217,CONVENTIONAL,2015-12-15,2025-12-15,428154.27,184957.32,4.556,120,GA,CASH_OUT,B,8-10 years,$50k-$100k,CURRENT,0,Servicer_B,2024-01-21,2026-09-14T16:24:39,AVAILABLE,ORIGINATION_DB
L-100417,B-45166,CONVENTIONAL,2022-02-02,2037-02-02,284492.28,111760.96,4.4,180,MI,REFINANCE,A,1-3 years,$0-$50k,CURRENT,0,Servicer_C,2024-01-10,2026-09-14T16:24:39,AVAILABLE,ORIGINATION_DB
L-100758,B-96404,CONVENTIONAL,2020-11-18,2050-11-19,395739.18,284563.9,6.182,360,MI,REFINANCE,C,4-7 years,$50k-$100k,CURRENT,0,Servicer_C,2024-02-23,2026-09-14T16:24:39,AVAILABLE,ORIGINATION_DB
L-100198,B-24448,FHA,2023-11-04,2033-11-04,257581.9,108204.77,7.154,120,TX,REFINANCE,C,< 1 year,$100k-$150k,CURRENT,0,Servicer_B,2024-02-03,2026-09-14T16:24:39,AVAILABLE,ORIGINATION_DB
L-100391,B-62485,JUMBO,2017-04-29,2047-04-30,491615.13,439521.16,3.182,360,FL,CASH_OUT,D,4-7 years,$0-$50k,CURRENT,0,Servicer_C,2024-02-26,2026-09-14T16:24:39,AVAILABLE,ORIGINATION_DB
L-100637,B-81345,JUMBO,2023/03/23,2053-03-23,468474.84,441609.74,2.615,360,NY,CASH_OUT,D,4-7 years,$100k-$150k,CURRENT,0,Servicer_C,2024-01-21,2026-09-14T16:24:39,AVAILABLE,ORIGINATION_DB
L-100800,B-21005,VA,2023-07-29,2038-07-30,58256.08,33783.1,5.755,180,MI,PURCHASE,B,10+ years,$50k-$100k,CURRENT,0,Servicer_B,2024-01-25,2026-09-14T16:24:39,AVAILABLE,ORIGINATION_DB
L-100506,B-16027,JUMBO,2015-01-23,2030-01-23,373478.69,112750.15,3.453,180,OH,PURCHASE,C,1-3 years,$100k-$150k,CURRENT,0,Servicer_B,2024-01-01,2026-09-14T16:24:39,AVAILABLE,ORIGINATION_DB
L-100590,B-82322,CONVENTIONAL,2020-06-02,2035-06-03,425374.86,44952.71,6.911,180,NC,PURCHASE,D,10+ years,$50k-$100k,CURRENT,0,Servicer_C,2024-02-18,2026-09-14T16:24:39,AVAILABLE,ORIGINATION_DB
L-100804,B-91650,JUMBO,2022-09-13,2037-09-13,256736.93,93728.62,6.248,180,TX,PURCHASE,D,< 1 year,$0-$50k,CURRENT,0,Servicer_C,2024-01-12,2026-09-14T16:24:39,AVAILABLE,ORIGINATION_DB
L-100304,B-17950,JUMBO,2018-05-13,2033-05-14,431132.59,213875.08,6.864,180,FL,REFINANCE,A,10+ years,$0-$50k,CURRENT,0,Servicer_B,2024-01-05,2026-09-14T16:24:39,AVAILABLE,ORIGINATION_DB
L-100493,B-93940,CONVENTIONAL,2020-07-20,2030-07-21,73902.33,55595.97,2.973,120,NY,PURCHASE,D,10+ years,$100k-$150k,CURRENT,45,Servicer_B,2024-02-28,2026-09-14T16:24:39,AVAILABLE,ORIGINATION_DB
L-100156,B-86710,JUMBO,2019-08-07,2029-08-07,137613.12,57232.17,6.305,120,NY,CASH_OUT,A,< 1 year,$0-$50k,CURRENT,0,Servicer_C,2024-02-12,2026-09-14T16:24:39,AVAILABLE,ORIGINATION_DB
L-100378,B-36205,CONVENTIONAL,2019-03-28,2049-03-28,410566.04,339314.2,7.094,360,PA,PURCHASE,D,< 1 year,$150k+,CURRENT,0,Servicer_A,2024-01-19,2026-09-14T16:24:39,AVAILABLE,ORIGINATION_DB
L-100690,B-70009,FHA,2021-12-17,2036-12-18,211305.75,148726.83,2.98,180,GA,CASH_OUT,B,4-7 years,$100k-$150k,CURRENT,0,Servicer_C,2024-02-22,2026-09-14T16:24:39,AVAILABLE,ORIGINATION_DB
L-100654,B-67566,CONVENTIONAL,2021-03-24,2051-03-25,478393.77,81016.34,6.629,360,IL,CASH_OUT,A,1-3 years,$50k-$100k,CURRENT,0,Servicer_B,2024-01-02,2026-09-14T16:24:39,AVAILABLE,ORIGINATION_DB
L-100667,B-24888,VA,2016-06-18,2026-06-19,285023.99,222018.73,4.275,120,GA,PURCHASE,A,1-3 years,$150k+,CURRENT,0,Servicer_B,2024-02-22,2026-09-14T16:24:39,AVAILABLE,ORIGINATION_DB
L-100084,B-84748,VA,2016-07-09,2031-07-10,294383.83,244192.01,3.359,180,FL,CASH_OUT,B,1-3 years,$150k+,CURRENT,0,Servicer_B,2024-01-13,2026-09-14T16:24:39,AVAILABLE,ORIGINATION_DB
L-100810,B-64465,JUMBO,2020-05-29,2050-05-30,292071.61,186313.04,6.887,360,GA,PURCHASE,B,8-10 years,$0-$50k,CURRENT,0,Servicer_C,2024-02-05,2026-09-14T16:24:39,AVAILABLE,ORIGINATION_DB
L-100122,B-48034,VA,2021-03-09,2031-03-10,334527.88,270502.99,3.6,120,MI,CASH_OUT,C,1-3 years,$150k+,CURRENT,0,Servicer_A,2024-02-14,2026-09-14T16:24:39,AVAILABLE,ORIGINATION_DB
L-100987,B-77432,CONVENTIONAL,2016-01-29,2046-01-29,287306.59,297306.59,3.6,360,NY,CASH_OUT,C,10+ years,$150k+,CURRENT,0,Servicer_A,2024-01-22,2026-09-14T16:24:39,AVAILABLE,ORIGINATION_DB
L-100741,B-49341,FHA,2023-02-11,2053-02-12,479185.27,222134.88,4.468,360,TX,PURCHASE,B,4-7 years,$0-$50k,CURRENT,0,Servicer_C,2024-02-25,2026-09-14T16:24:39,AVAILABLE,ORIGINATION_DB
L-100843,B-54778,VA,2022-03-20,2032-03-20,277929.23,87825.23,4.21,120,FL,CASH_OUT,D,4-7 years,$100k-$150k,CURRENT,0,Servicer_B,2024-02-16,2026-09-14T16:24:39,AVAILABLE,ORIGINATION_DB
L-100125,B-81768,FHA,2017-11-14,2027-11-15,499486.3,336811.48,6.31,120,MI,CASH_OUT,A,4-7 years,$150k+,CURRENT,0,Servicer_A,2024-02-29,2026-09-14T16:24:39,AVAILABLE,ORIGINATION_DB
L-100549,B-62423,FHA,2016-10-26,2026-10-27,440446.99,46125.68,5.856,120,FL,REFINANCE,A,10+ years,$50k-$100k,CURRENT,0,Servicer_B,2024-01-30,2026-09-14T16:24:39,AVAILABLE,ORIGINATION_DB
L-100034,B-14183,JUMBO,2021-08-12,2036-08-12,224001.24,101503.48,2.693,180,CA,PURCHASE,B,8-10 years,$0-$50k,CURRENT,0,Servicer_A,2024-01-22,2026-09-14T16:24:39,AVAILABLE,ORIGINATION_DB
,B-22694,VA,2023-09-15,2033-09-15,491084.75,166892.35,6.188,120,TX,PURCHASE,D,1-3 years,$50k-$100k,CURRENT,0,Servicer_B,2024-01-05,2026-09-14T16:24:39,AVAILABLE,ORIGINATION_DB
L-100726,B-85053,CONVENTIONAL,2016-01-31,2046-02-01,424254.41,84296.15,6.714,360,GA,CASH_OUT,B,10+ years,$150k+,CURRENT,0,Servicer_B,2024-02-22,2026-09-14T16:24:39,AVAILABLE,ORIGINATION_DB
L-100756,B-62171,FHA,2022-05-06,2032-05-06,285645.95,218663.6,2.937,120,MI,PURCHASE,D,1-3 years,$100k-$150k,CURRENT,0,Servicer_B,2024-01-10,2026-09-14T16:24:39,AVAILABLE,ORIGINATION_DB
L-100132,B-55147,JUMBO,2017-02-03,2027-02-04,451094.14,69283.62,7.136,120,PA,CASH_OUT,B,8-10 years,$150k+,CURRENT,0,Servicer_B,2024-01-14,2026-09-14T16:24:39,AVAILABLE,ORIGINATION_DB
L-100368,B-49155,JUMBO,2022-11-20,2032-11-20,132398.81,57699.84,3.751,120,GA,REFINANCE,D,10+ years,$150k+,CURRENT,0,Servicer_A,2024-01-02,2026-09-14T16:24:39,AVAILABLE,ORIGINATION_DB
L-100619,B-60063,FHA,2021-03-12,2031-03-13,64137.21,51905.65,3.069,120,IL,REFINANCE,C,10+ years,$150k+,CURRENT,0,Servicer_B,2024-01-19,2026-09-14T16:24:39,AVAILABLE,ORIGINATION_DB
L-100298,B-85605,CONVENTIONAL,2021-09-17,2031-09-17,153436.76,40971.81,6.117,120,TX,PURCHASE,D,10+ years,$100k-$150k,CURRENT,0,Servicer_C,2024-02-29,2026-09-14T16:24:39,AVAILABLE,ORIGINATION_DB
L-100115,B-14601,CONVENTIONAL,2022-07-21,2032-07-21,457795.54,410762.49,3.753,120,NC,CASH_OUT,A,10+ years,$150k+,CURRENT,0,Servicer_B,2024-01-21,2026-09-14T16:24:39,AVAILABLE,ORIGINATION_DB
L-100165,B-54949,FHA,2018-04-29,2048-04-29,81114.69,33333.17,3.828,360,PA,CASH_OUT,B,1-3 years,$100k-$150k,CURRENT,0,Servicer_C,2024-02-01,2026-09-14T16:24:39,AVAILABLE,ORIGINATION_DB
L-100295,B-58070,VA,2016-01-29,2026-01-29,210874.09,163880.51,5.316,120,MI,REFINANCE,A,10+ years,$0-$50k,CURRENT,0,Servicer_A,2024-01-31,2026-09-14T16:24:39,AVAILABLE,ORIGINATION_DB
L-100733,B-71264,VA,2021-07-20,2051-07-21,228126.41,106422.37,6.672,360,OH,CASH_OUT,D,1-3 years,$100k-$150k,CURRENT,0,Servicer_C,2024-01-26,2026-09-14T16:24:39,AVAILABLE,ORIGINATION_DB
L-100292,B-34302,CONVENTIONAL,2018-08-22,2028-08-22,429581.31,257743.37,4.619,120,GA,PURCHASE,D,< 1 year,$0-$50k,CURRENT,0,Servicer_C,2024-01-27,2026-09-14T16:24:39,AVAILABLE,ORIGINATION_DB
L-100663,B-18198,JUMBO,2019-02-03,2049-02-04,342434.29,97387.03,5.697,360,TX,CASH_OUT,C,10+ years,$100k-$150k,CURRENT,0,Servicer_C,2024-02-09,2026-09-14T16:24:39,AVAILABLE,ORIGINATION_DB
L-100760,B-82582,VA,2015-11-30,2045-11-30,339402.77,161109.74,4.596,360,NY,PURCHASE,A,4-7 years,$50k-$100k,CURRENT,0,Servicer_A,2024-01-21,2026-09-14T16:24:39,AVAILABLE,ORIGINATION_DB
L-100972,B-66174,FHA,2016-11-18,2031-11-19,141005.81,101327.33,6.299,180,FL,REFINANCE,B,< 1 year,$0-$50k,CURRENT,0,Servicer_B,2024-02-12,2026-09-14T16:24:39,AVAILABLE,ORIGINATION_DB
L-100858,B-68061,VA,2016-05-11,2046-05-13,326791.58,162689.49,7.016,360,NC,REFINANCE,B,4-7 years,$100k-$150k,CURRENT,0,Servicer_A,2024-01-23,2026-09-14T16:24:39,AVAILABLE,ORIGINATION_DB
L-100239,B-79120,JUMBO,2022-05-19,2052-05-20,434218.23,198579.79,6.151,360,CA,CASH_OUT,C,< 1 year,$50k-$100k,CURRENT,0,Servicer_C,2024-01-23,2026-09-14T16:24:39,AVAILABLE,ORIGINATION_DB
L-100326,B-26048,VA,2019-02-15,2029-02-15,56864.23,40655.22,5.377,120,MI,CASH_OUT,C,10+ years,$100k-$150k,CURRENT,0,Servicer_C,2024-02-18,2026-09-14T16:24:39,AVAILABLE,ORIGINATION_DB
L-100458,B-19905,CONVENTIONAL,2016-12-21,2026-12-22,443007.17,289814.74,3.37,120,OH,PURCHASE,C,< 1 year,$0-$50k,CURRENT,0,Servicer_A,2024-01-07,2026-09-14T16:24:39,AVAILABLE,ORIGINATION_DB
L-100517,B-51871,FHA,2015-07-06,2025-07-05,330319.32,127387.85,4.564,120,NC,PURCHASE,D,8-10 years,$150k+,CURRENT,0,Servicer_C,2024-01-19,2026-09-14T16:24:39,AVAILABLE,ORIGINATION_DB
L-100395,B-39315,FHA,2018-07-08,2028-07-08,280734.98,95673.04,7.417,120,TX,REFINANCE,D,4-7 years,$50k-$100k,CURRENT,0,Servicer_B,2024-01-16,2026-09-14T16:24:39,AVAILABLE,ORIGINATION_DB
L-100072,B-54887,CONVENTIONAL,2021-10-03,2036-10-03,141592.68,86999.61,5.906,180,NC,CASH_OUT,A,8-10 years,$100k-$150k,CURRENT,0,Servicer_A,2024-02-15,2026-09-14T16:24:39,AVAILABLE,ORIGINATION_DB
L-100371,B-54891,JUMBO,2017-03-08,2047-03-10,77645.66,67473.93,5.2,360,NC,CASH_OUT,B,8-10 years,$150k+,CURRENT,0,Servicer_A,2024-02-19,2026-09-14T16:24:39,AVAILABLE,ORIGINATION_DB
L-100623,B-83364,CONVENTIONAL,2023-07-15,2053-07-16,221525.01,37000.86,2.998,360,OH,CASH_OUT,A,8-10 years,$150k+,CURRENT,0,Servicer_B,2024-02-04,2026-09-14T16:24:39,AVAILABLE,ORIGINATION_DB
L-100578,B-17375,CONVENTIONAL,2015-09-27,2025-09-27,432146.56,391064.7,5.081,120,CA,REFINANCE,B,< 1 year,$50k-$100k,CURRENT,0,Servicer_C,2024-01-12,2026-09-14T16:24:39,AVAILABLE,ORIGINATION_DB
L-100897,B-70442,JUMBO,2019-02-10,2029-02-10,172845.54,77263.03,6.29,120,GA,PURCHASE,C,< 1 year,$0-$50k,CURRENT,0,Servicer_A,2024-02-28,2026-09-14T16:24:39,AVAILABLE,ORIGINATION_DB
L-100220,B-19412,VA,2018-02-24,2048-02-25,407116.37,270629.12,4.072,360,OH,CASH_OUT,B,8-10 years,$150k+,CURRENT,0,Servicer_A,2024-01-21,2026-09-14T16:24:39,AVAILABLE,ORIGINATION_DB
L-100102,B-34563,VA,2018-08-14,2048-08-14,411809.51,339901.0,4.811,360,MI,REFINANCE,B,1-3 years,$100k-$150k,CURRENT,0,Servicer_B,2024-01-06,2026-09-14T16:24:39,AVAILABLE,ORIGINATION_DB
L-100560,B-30612,VA,2021-03-14,2036-03-14,142829.97,108016.76,2.766,180,FL,PURCHASE,A,1-3 years,$150k+,CURRENT,0,Servicer_B,2024-02-17,2026-09-14T16:24:39,AVAILABLE,ORIGINATION_DB
L-100574,B-56439,VA,2016-06-07,2031-06-09,122778.02,40121.64,4.153,180,NY,PURCHASE,C,10+ years,$50k-$100k,CURRENT,0,Servicer_B,2024-02-18,2026-09-14T16:24:39,AVAILABLE,ORIGINATION_DB
L-100867,B-56980,FHA,2018-12-02,2033-12-02,91995.01,15009.27,2.869,180,FL,CASH_OUT,B,8-10 years,$50k-$100k,CURRENT,0,Servicer_C,2024-01-02,2026-09-14T16:24:39,AVAILABLE,ORIGINATION_DB
L-100783,B-33094,CONVENTIONAL,2023-03-26,2053-03-26,470764.22,396584.6,2.501,360,FL,PURCHASE,D,8-10 years,$0-$50k,CURRENT,0,Servicer_C,2024-02-05,2026-09-14T16:24:39,AVAILABLE,ORIGINATION_DB
L-100556,B-27113,VA,2023-10-24,2038-10-24,285234.71,85122.38,2.839,180,XX,REFINANCE,C,1-3 years,$100k-$150k,CURRENT,0,Servicer_C,2024-01-01,2026-09-14T16:24:39,AVAILABLE,ORIGINATION_DB
L-100976,B-41707,FHA,2018-08-21,2033-08-21,149833.34,21596.1,2.765,180,FL,CASH_OUT,B,10+ years,$50k-$100k,CURRENT,0,Servicer_A,2024-01-27,2026-09-14T16:24:39,AVAILABLE,ORIGINATION_DB
L-100659,B-68465,CONVENTIONAL,2017-03-30,2047-03-31,250470.85,142237.13,3.278,360,GA,REFINANCE,A,< 1 year,$100k-$150k,CURRENT,0,Servicer_A,2024-02-29,2026-09-14T16:24:39,AVAILABLE,ORIGINATION_DB
L-100090,B-64175,JUMBO,2021-05-28,2031-05-29,386749.4,329111.32,5.695,120,GA,PURCHASE,A,10+ years,$50k-$100k,CURRENT,0,Servicer_C,2024-02-23,2026-09-14T16:24:39,AVAILABLE,ORIGINATION_DB
L-100148,B-67014,JUMBO,2020-03-14,2030-03-14,442793.72,233354.85,5.746,120,PA,PURCHASE,A,8-10 years,$50k-$100k,CURRENT,0,Servicer_C,2024-01-31,2026-09-14T16:24:39,AVAILABLE,ORIGINATION_DB
L-100097,B-39299,VA,2019-01-31,2034-02-01,129068.79,82284.46,6.233,180,IL,PURCHASE,C,8-10 years,$0-$50k,CURRENT,0,Servicer_B,2024-02-06,2026-09-14T16:24:39,AVAILABLE,ORIGINATION_DB
L-100492,B-26252,CONVENTIONAL,2015-11-15,2045-11-15,258138.47,126184.28,4.979,360,GA,CASH_OUT,C,1-3 years,$150k+,CURRENT,0,Servicer_B,2024-01-21,2026-09-14T16:24:39,AVAILABLE,ORIGINATION_DB
L-100113,B-36870,VA,2022-06-04,2037-06-05,416016.24,342429.48,2.656,180,CA,PURCHASE,C,< 1 year,$150k+,CURRENT,0,Servicer_C,2024-02-04,2026-09-14T16:24:39,AVAILABLE,ORIGINATION_DB
L-100049,B-72683,FHA,2015-01-23,2025-01-23,456287.33,309779.67,6.959,120,PA,CASH_OUT,D,1-3 years,$100k-$150k,CURRENT,0,Servicer_B,2024-02-24,2026-09-14T16:24:39,AVAILABLE,ORIGINATION_DB
L-100943,B-33648,FHA,2015-11-14,2045-11-14,353639.48,170417.84,2.983,360,CA,PURCHASE,A,1-3 years,$0-$50k,CURRENT,0,Servicer_C,2024-01-26,2026-09-14T16:24:39,AVAILABLE,ORIGINATION_DB
L-100423,B-96355,CONVENTIONAL,2023-08-09,2033-08-08,186297.78,98102.32,5.068,120,FL,PURCHASE,B,8-10 years,$50k-$100k,CURRENT,0,Servicer_B,2024-02-04,2026-09-14T16:24:39,AVAILABLE,ORIGINATION_DB
L-100351,B-31108,VA,2019-04-16,2034-04-17,77424.66,45851.64,4.789,180,TX,REFINANCE,D,8-10 years,$0-$50k,CURRENT,0,Servicer_B,2024-02-29,2026-09-14T16:24:39,AVAILABLE,ORIGINATION_DB
L-100077,B-28472,JUMBO,2018-02-02,2033-02-02,374596.24,176016.25,5.103,180,OH,CASH_OUT,A,< 1 year,$150k+,CURRENT,0,Servicer_B,2024-01-07,2026-09-14T16:24:39,AVAILABLE,ORIGINATION_DB
L-100993,B-13427,VA,2015-11-02,2025-11-02,481237.61,67447.08,5.422,120,OH,REFINANCE,B,8-10 years,$50k-$100k,CURRENT,0,Servicer_B,2024-02-16,2026-09-14T16:24:39,AVAILABLE,ORIGINATION_DB
L-100476,B-14204,CONVENTIONAL,2019-02-02,2029-02-02,282710.94,40560.54,3.657,120,IL,PURCHASE,A,10+ years,$0-$50k,CURRENT,0,Servicer_B,2024-01-29,2026-09-14T16:24:39,AVAILABLE,ORIGINATION_DB
L-100822,B-51883,CONVENTIONAL,2023-04-17,2033-04-17,244209.12,27069.43,3.737,120,NC,PURCHASE,D,1-3 years,$50k-$100k,CURRENT,0,Servicer_C,2024-02-13,2026-09-14T16:24:39,AVAILABLE,ORIGINATION_DB
L-100349,B-39664,FHA,2018-12-14,2033-12-14,496901.65,441140.33,3.028,180,CA,PURCHASE,C,8-10 years,$100k-$150k,CURRENT,0,Servicer_A,2024-02-11,2026-09-14T16:24:39,AVAILABLE,ORIGINATION_DB
L-100232,B-33559,FHA,2015-12-23,2025-12-22,321990.6,254117.99,3.166,120,NY,PURCHASE,A,1-3 years,$0-$50k,CURRENT,0,Servicer_A,2024-01-06,2026-09-14T16:24:39,AVAILABLE,ORIGINATION_DB
L-100906,B-82004,CONVENTIONAL,2020-12-13,2050-12-14,85281.21,76379.64,6.597,360,OH,CASH_OUT,A,1-3 years,$50k-$100k,CURRENT,0,Servicer_C,2024-01-24,2026-09-14T16:24:39,AVAILABLE,ORIGINATION_DB
L-100754,B-80649,VA,2021-06-06,2051-06-07,236749.93,178100.73,5.259,360,CA,CASH_OUT,B,8-10 years,$0-$50k,CURRENT,0,Servicer_B,2024-01-07,2026-09-14T16:24:39,AVAILABLE,ORIGINATION_DB
L-100050,B-92511,FHA,2016-06-08,2046-06-10,283629.76,119340.46,3.432,360,CA,REFINANCE,B,1-3 years,$50k-$100k,CURRENT,0,Servicer_B,2024-02-28,2026-09-14T16:24:39,AVAILABLE,ORIGINATION_DB
L-100421,B-51094,FHA,2021-05-31,2036-05-31,251852.09,60351.69,5.919,180,TX,CASH_OUT,D,1-3 years,$100k-$150k,CURRENT,0,Servicer_A,2024-02-05,2026-09-14T16:24:39,AVAILABLE,ORIGINATION_DB
L-100078,B-47024,CONVENTIONAL,2022-07-21,2032-07-20,334135.21,81986.44,3.607,120,OH,REFINANCE,C,10+ years,$50k-$100k,CURRENT,0,Servicer_C,2024-01-14,2026-09-14T16:24:39,AVAILABLE,ORIGINATION_DB
L-100576,B-21774,CONVENTIONAL,2015-06-24,2030-06-24,111216.6,45223.18,2.755,180,TX,REFINANCE,C,10+ years,$150k+,CURRENT,0,Servicer_C,2024-02-01,2026-09-14T16:24:39,AVAILABLE,ORIGINATION_DB
L-100015,B-66299,CONVENTIONAL,2023-10-01,2053-10-01,100225.43,70665.63,4.139,360,NY,CASH_OUT,C,< 1 year,$50k-$100k,CURRENT,0,Servicer_C,2024-02-10,2026-09-14T16:24:39,AVAILABLE,ORIGINATION_DB
L-100401,B-74111,CONVENTIONAL,2016-03-02,2046-03-03,159897.2,67054.7,4.251,360,TX,CASH_OUT,C,10+ years,$150k+,CURRENT,0,Servicer_A,2024-01-19,2026-09-14T16:24:39,AVAILABLE,ORIGINATION_DB
L-100723,B-88166,VA,2022-07-12,2032-07-12,71886.73,52511.84,2.512,120,NC,REFINANCE,C,< 1 year,$100k-$150k,CURRENT,0,Servicer_B,2024-02-20,2026-09-14T16:24:39,AVAILABLE,ORIGINATION_DB
L-100675,B-26594,CONVENTIONAL,2022-07-22,2032-07-22,215344.28,52768.33,4.51,120,PA,REFINANCE,B,8-10 years,$0-$50k,CURRENT,0,Servicer_C,2024-02-09,2026-09-14T16:24:39,AVAILABLE,ORIGINATION_DB
L-100460,B-74728,CONVENTIONAL,2021-12-20,2051-12-21,242667.81,174170.7,6.785,360,NC,REFINANCE,A,8-10 years,$50k-$100k,CURRENT,0,Servicer_B,2024-01-22,2026-09-14T16:24:39,AVAILABLE,ORIGINATION_DB
L-100485,B-32258,CONVENTIONAL,2015-11-26,2030-11-26,233884.15,94099.99,4.274,180,GA,CASH_OUT,B,8-10 years,$150k+,CURRENT,0,Servicer_B,2024-01-22,2026-09-14T16:24:39,AVAILABLE,ORIGINATION_DB
L-100419,B-86745,VA,2016-08-31,2046-09-02,133790.97,86137.93,6.509,360,FL,CASH_OUT,D,4-7 years,$100k-$150k,CURRENT,0,Servicer_B,2024-01-22,2026-09-14T16:24:39,AVAILABLE,ORIGINATION_DB
L-100267,B-70839,CONVENTIONAL,2017-01-04,2047-01-05,423915.74,433915.74,6.964,360,IL,REFINANCE,B,4-7 years,$150k+,CURRENT,0,Servicer_A,2024-02-24,2026-09-14T16:24:39,AVAILABLE,ORIGINATION_DB
L-100256,B-33040,JUMBO,2017-02-28,2032-02-29,132568.38,25272.75,4.627,180,PA,PURCHASE,B,4-7 years,$0-$50k,CURRENT,0,Servicer_C,2024-01-20,2026-09-14T16:24:39,AVAILABLE,ORIGINATION_DB
L-100191,B-43744,VA,2023-04-07,2053-04-08,398365.67,100709.94,2.712,360,PA,PURCHASE,D,< 1 year,$50k-$100k,CURRENT,0,Servicer_A,2024-01-04,2026-09-14T16:24:39,AVAILABLE,ORIGINATION_DB
L-100688,B-85134,FHA,2018-09-24,2028-09-24,107043.32,19738.78,4.574,120,MI,PURCHASE,D,< 1 year,$0-$50k,CURRENT,0,Servicer_A,2024-01-02,2026-09-14T16:24:39,AVAILABLE,ORIGINATION_DB
L-100747,B-72806,VA,2018-01-07,2048-01-09,351105.4,59375.39,6.47,360,CA,PURCHASE,C,10+ years,$50k-$100k,CURRENT,0,Servicer_C,2024-02-09,2026-09-14T16:24:39,AVAILABLE,ORIGINATION_DB
L-100043,B-47368,FHA,2020-05-12,2030-05-13,227588.07,172109.58,6.115,120,NY,CASH_OUT,C,10+ years,$50k-$100k,CURRENT,0,Servicer_A,2024-01-22,2026-09-14T16:24:39,AVAILABLE,ORIGINATION_DB
L-100018,B-51777,VA,2017-09-04,2047-09-06,458409.86,111274.52,3.944,360,IL,PURCHASE,B,4-7 years,$50k-$100k,CURRENT,0,Servicer_B,2024-02-22,2026-09-14T16:24:39,AVAILABLE,ORIGINATION_DB
L-100639,B-17165,CONVENTIONAL,2018-07-13,2033-07-13,314425.99,150975.7,4.354,180,GA,CASH_OUT,D,10+ years,$0-$50k,CURRENT,0,Servicer_A,2024-01-20,2026-09-14T16:24:39,AVAILABLE,ORIGINATION_DB
L-100751,B-24035,JUMBO,2017-02-19,2032-02-20,204254.78,50163.97,3.488,180,OH,PURCHASE,D,8-10 years,$50k-$100k,CURRENT,0,Servicer_B,2024-01-19,2026-09-14T16:24:39,AVAILABLE,ORIGINATION_DB
L-100845,B-48565,JUMBO,2022-01-03,2032-01-04,68569.25,26173.15,6.861,120,CA,PURCHASE,C,8-10 years,$100k-$150k,CURRENT,0,Servicer_C,2024-01-16,2026-09-14T16:24:39,AVAILABLE,ORIGINATION_DB
L-100730,B-40042,JUMBO,2022-08-31,2052-09-01,297078.93,32505.12,4.984,360,OH,CASH_OUT,D,10+ years,$0-$50k,CURRENT,0,Servicer_C,2024-01-14,2026-09-14T16:24:39,AVAILABLE,ORIGINATION_DB
L-100294,B-69861,JUMBO,2017-08-31,2027-09-01,179903.33,26528.68,4.268,120,OH,REFINANCE,A,< 1 year,$150k+,CURRENT,0,Servicer_A,2024-02-26,2026-09-14T16:24:39,AVAILABLE,ORIGINATION_DB
L-100710,B-94565,VA,2019-09-16,2029-09-16,193455.23,182703.14,7.232,120,GA,PURCHASE,A,10+ years,$100k-$150k,CURRENT,0,Servicer_A,2024-02-09,2026-09-14T16:24:39,AVAILABLE,ORIGINATION_DB
L-100505,B-65956,CONVENTIONAL,2015-04-02,2030-04-03,407891.02,368072.69,3.792,180,FL,CASH_OUT,A,4-7 years,$0-$50k,CURRENT,0,Servicer_B,2024-01-22,2026-09-14T16:24:39,AVAILABLE,ORIGINATION_DB
L-100985,B-25643,FHA,2015-04-24,2045-04-24,275021.85,212072.74,4.658,360,NY,REFINANCE,C,4-7 years,$150k+,CURRENT,0,Servicer_B,2024-02-01,2026-09-14T16:24:39,AVAILABLE,ORIGINATION_DB
L-100543,B-62449,JUMBO,2015-05-09,2045-05-10,197541.98,74567.76,4.306,360,GA,REFINANCE,A,< 1 year,$100k-$150k,CURRENT,0,Servicer_B,2024-01-03,2026-09-14T16:24:39,AVAILABLE,ORIGINATION_DB
L-100615,B-63659,VA,2022-06-09,2037-06-10,115083.14,21517.59,6.037,180,IL,CASH_OUT,B,8-10 years,$100k-$150k,CURRENT,0,Servicer_B,2024-01-06,2026-09-14T16:24:39,AVAILABLE,ORIGINATION_DB
L-100297,B-11557,FHA,2021-05-18,2036-05-18,404039.0,317149.32,6.71,180,PA,PURCHASE,B,< 1 year,$50k-$100k,CURRENT,0,Servicer_A,2024-02-19,2026-09-14T16:24:39,AVAILABLE,ORIGINATION_DB
L-100691,B-92919,CONVENTIONAL,2021-11-11,2031-11-12,68728.81,31032.49,3.855,120,MI,REFINANCE,B,1-3 years,$100k-$150k,CURRENT,0,Servicer_A,2024-02-22,2026-09-14T16:24:39,AVAILABLE,ORIGINATION_DB
L-100721,B-87024,VA,2023-11-29,2053-11-30,144495.2,118113.07,3.107,360,GA,PURCHASE,D,4-7 years,$150k+,CURRENT,0,Servicer_B,2024-01-15,2026-09-14T16:24:39,AVAILABLE,ORIGINATION_DB
L-100422,B-57570,JUMBO,2015-10-17,2025-10-16,318248.11,83405.54,5.937,120,IL,CASH_OUT,C,8-10 years,$50k-$100k,CURRENT,0,Servicer_A,2024-01-27,2026-09-14T16:24:39,AVAILABLE,ORIGINATION_DB
L-100381,B-63881,CONVENTIONAL,2021-10-24,2036-10-24,227452.11,114849.24,5.521,180,TX,REFINANCE,A,8-10 years,$150k+,CURRENT,0,Servicer_A,2024-02-17,2026-09-14T16:24:39,AVAILABLE,ORIGINATION_DB
L-100752,B-17045,JUMBO,2016-08-26,2031-08-27,219672.54,26965.13,4.691,180,CA,CASH_OUT,D,4-7 years,$150k+,CURRENT,0,Servicer_C,2024-02-12,2026-09-14T16:24:39,AVAILABLE,ORIGINATION_DB
L-100716,B-30389,VA,2022-02-12,2037-02-12,457451.62,244745.14,6.174,180,NY,REFINANCE,B,1-3 years,$100k-$150k,CURRENT,0,Servicer_A,2024-01-25,2026-09-14T16:24:39,AVAILABLE,ORIGINATION_DB
L-100704,B-41349,JUMBO,2018-08-29,2048-08-30,402523.06,366553.66,3.584,360,NY,REFINANCE,D,< 1 year,$0-$50k,CURRENT,0,Servicer_B,2024-02-22,2026-09-14T16:24:39,AVAILABLE,ORIGINATION_DB
L-100367,B-69027,VA,2018-10-20,2033-10-21,414250.37,226331.88,6.66,180,PA,PURCHASE,B,4-7 years,$0-$50k,CURRENT,0,Servicer_C,2024-02-24,2026-09-14T16:24:39,AVAILABLE,ORIGINATION_DB
L-100542,B-23402,CONVENTIONAL,2016-02-04,2046-02-05,306322.94,257045.97,6.854,360,CA,REFINANCE,A,10+ years,$0-$50k,CURRENT,0,Servicer_C,2024-01-18,2026-09-14T16:24:39,AVAILABLE,ORIGINATION_DB
L-100194,B-27547,VA,2015-11-04,2025-11-04,383518.89,275579.63,4.439,120,OH,CASH_OUT,B,1-3 years,$100k-$150k,CURRENT,0,Servicer_A,2024-02-26,2026-09-14T16:24:39,AVAILABLE,ORIGINATION_DB
L-100591,B-61496,VA,2019-08-09,2049-08-10,426896.18,217759.85,5.184,360,IL,REFINANCE,A,4-7 years,$50k-$100k,CURRENT,0,Servicer_B,2024-02-01,2026-09-14T16:24:39,AVAILABLE,ORIGINATION_DB
L-100961,B-67410,JUMBO,2020-06-03,2030-06-04,240381.44,158046.16,4.723,120,FL,REFINANCE,C,< 1 year,$50k-$100k,CURRENT,0,Servicer_B,2024-01-03,2026-09-14T16:24:39,AVAILABLE,ORIGINATION_DB
L-100461,B-70364,FHA,2020-03-24,2050-03-25,78492.29,20875.96,7.031,360,OH,REFINANCE,D,< 1 year,$100k-$150k,CURRENT,0,Servicer_A,2024-02-05,2026-09-14T16:24:39,AVAILABLE,ORIGINATION_DB
L-100991,B-81771,FHA,2017-02-20,2027-02-21,241833.21,227390.66,6.29,120,TX,REFINANCE,D,< 1 year,$50k-$100k,CURRENT,0,Servicer_B,2024-01-11,2026-09-14T16:24:39,AVAILABLE,ORIGINATION_DB
L-100233,B-52902,JUMBO,2021-10-25,2036-10-25,144110.61,112165.23,6.084,180,NC,PURCHASE,C,1-3 years,$50k-$100k,CURRENT,0,Servicer_A,2024-01-02,2026-09-14T16:24:39,AVAILABLE,ORIGINATION_DB
L-100744,B-64217,JUMBO,2020-09-09,2050-09-10,146696.99,81188.05,6.48,360,NC,REFINANCE,D,< 1 year,$50k-$100k,CURRENT,0,Servicer_B,2024-02-13,2026-09-14T16:24:39,AVAILABLE,ORIGINATION_DB
L-100134,B-24467,FHA,2019-04-26,2029-04-25,145181.01,16634.91,5.276,120,TX,PURCHASE,C,< 1 year,$150k+,CURRENT,0,Servicer_A,2024-01-26,2026-09-14T16:24:39,AVAILABLE,ORIGINATION_DB
L-100288,B-77566,JUMBO,2020-05-09,2050-05-10,161572.18,25883.45,4.125,360,FL,REFINANCE,B,1-3 years,$0-$50k,CURRENT,0,Servicer_B,2024-01-30,2026-09-14T16:24:39,AVAILABLE,ORIGINATION_DB
L-100537,B-17870,JUMBO,2022-07-23,2032-07-23,370659.16,196683.97,3.159,120,NY,REFINANCE,A,< 1 year,$150k+,CURRENT,0,Servicer_A,2024-02-04,2026-09-14T16:24:39,AVAILABLE,ORIGINATION_DB
L-100983,B-86470,FHA,2023-05-05,2038-05-05,406052.55,162109.72,2.641,180,NC,PURCHASE,B,10+ years,$150k+,CURRENT,0,Servicer_A,2024-02-15,2026-09-14T16:24:39,AVAILABLE,ORIGINATION_DB
L-100310,B-27228,CONVENTIONAL,2017-04-30,2027-04-30,449881.47,405388.34,4.856,120,NY,CASH_OUT,C,1-3 years,$0-$50k,CURRENT,0,Servicer_C,2024-01-27,2026-09-14T16:24:39,AVAILABLE,ORIGINATION_DB
L-100780,B-63900,CONVENTIONAL,2018-10-12,2048-10-12,327795.31,192898.06,5.643,360,MI,REFINANCE,A,4-7 years,$50k-$100k,CURRENT,0,Servicer_C,2024-01-01,2026-09-14T16:24:39,AVAILABLE,ORIGINATION_DB
L-100262,B-15945,FHA,2022-10-22,2052-10-22,235547.55,116369.25,7.289,360,NC,REFINANCE,D,4-7 years,$150k+,CURRENT,0,Servicer_C,2024-01-05,2026-09-14T16:24:39,AVAILABLE,ORIGINATION_DB
L-100073,B-86632,CONVENTIONAL,2018-11-24,2048-11-24,144556.01,23154.91,2.718,360,OH,CASH_OUT,A,1-3 years,$0-$50k,CURRENT,0,Servicer_A,2024-02-04,2026-09-14T16:24:39,AVAILABLE,ORIGINATION_DB
L-100508,B-37001,JUMBO,2015-02-24,2045-02-24,365660.71,155981.97,5.737,360,NY,REFINANCE,C,8-10 years,$100k-$150k,CURRENT,0,Servicer_B,2024-01-02,2026-09-14T16:24:39,AVAILABLE,ORIGINATION_DB
L-100980,B-55603,VA,2017-03-16,2047-03-17,432174.72,243709.23,3.706,360,NC,REFINANCE,B,8-10 years,$150k+,CURRENT,0,Servicer_A,2024-01-20,2026-09-14T16:24:39,AVAILABLE,ORIGINATION_DB
L-100240,B-95602,CONVENTIONAL,2016-08-17,2046-08-18,293280.87,249173.68,5.347,360,MI,REFINANCE,C,4-7 years,$0-$50k,CURRENT,0,Servicer_C,2024-02-03,2026-09-14T16:24:39,AVAILABLE,ORIGINATION_DB
L-100895,B-67045,FHA,2018-04-07,2048-04-07,141797.57,126242.39,4.914,360,FL,PURCHASE,C,8-10 years,$150k+,CURRENT,0,Servicer_A,2024-01-02,2026-09-14T16:24:39,AVAILABLE,ORIGINATION_DB
L-100188,B-42655,JUMBO,2022-06-04,2037-06-04,128970.25,35272.8,2.708,180,CA,PURCHASE,C,1-3 years,$150k+,CURRENT,0,Servicer_C,2024-01-02,2026-09-14T16:24:39,AVAILABLE,ORIGINATION_DB
L-100901,B-28526,CONVENTIONAL,2016-08-18,2026-08-19,329852.15,166142.97,2.528,120,PA,REFINANCE,B,< 1 year,$100k-$150k,CURRENT,0,Servicer_B,2024-01-17,2026-09-14T16:24:39,AVAILABLE,ORIGINATION_DB
L-100071,B-20006,FHA,2020-07-31,2035-08-02,70602.69,49351.87,5.871,180,FL,PURCHASE,D,1-3 years,$50k-$100k,CURRENT,0,Servicer_C,2024-02-05,2026-09-14T16:24:39,AVAILABLE,ORIGINATION_DB
L-100518,B-46123,FHA,2017-04-19,2032-04-19,367514.02,182174.36,5.145,180,TX,CASH_OUT,D,4-7 years,$100k-$150k,CURRENT,0,Servicer_B,2024-02-12,2026-09-14T16:24:39,AVAILABLE,ORIGINATION_DB
L-100763,B-27897,FHA,2020-01-22,2035-01-22,387388.3,268370.73,2.753,180,CA,REFINANCE,B,8-10 years,$150k+,CURRENT,0,Servicer_B,2024-02-16,2026-09-14T16:24:39,AVAILABLE,ORIGINATION_DB
L-100909,B-64896,VA,2018-02-19,2033-02-19,110128.86,90855.72,3.681,180,TX,CASH_OUT,C,< 1 year,$50k-$100k,CURRENT,0,Servicer_C,2024-02-23,2026-09-14T16:24:39,AVAILABLE,ORIGINATION_DB
L-100363,B-69642,JUMBO,2017-10-04,2047-10-06,323917.85,136820.02,3.487,360,OH,REFINANCE,A,10+ years,$150k+,CURRENT,0,Servicer_C,2024-01-13,2026-09-14T16:24:39,AVAILABLE,ORIGINATION_DB
L-100753,B-62127,CONVENTIONAL,2023-01-31,2038-01-31,331083.15,116347.97,7.306,180,IL,PURCHASE,A,10+ years,$100k-$150k,CURRENT,0,Servicer_B,2024-01-01,2026-09-14T16:24:39,AVAILABLE,ORIGINATION_DB
L-100416,B-99529,CONVENTIONAL,2020-08-18,2030-08-18,411151.82,73337.09,6.128,120,MI,CASH_OUT,B,10+ years,$0-$50k,CURRENT,0,Servicer_B,2024-02-07,2026-09-14T16:24:39,AVAILABLE,ORIGINATION_DB
L-100456,B-23018,FHA,2020-01-02,2030-01-02,391708.98,192772.24,2.862,120,FL,PURCHASE,A,10+ years,$0-$50k,CURRENT,0,Servicer_B,2024-02-18,2026-09-14T16:24:39,AVAILABLE,ORIGINATION_DB
L-100163,B-87507,VA,2016-07-04,2031-07-05,416709.98,83585.74,2.669,180,NC,PURCHASE,A,4-7 years,$150k+,CURRENT,0,Servicer_C,2024-01-29,2026-09-14T16:24:39,AVAILABLE,ORIGINATION_DB
L-100330,B-65661,JUMBO,2020-08-12,2035-08-13,347904.22,98294.26,6.321,180,NY,REFINANCE,B,< 1 year,$150k+,CURRENT,0,Servicer_C,2024-02-09,2026-09-14T16:24:39,AVAILABLE,ORIGINATION_DB
L-100624,B-13391,FHA,2020-10-21,2050-10-22,296865.93,201859.6,5.914,360,FL,REFINANCE,D,8-10 years,$0-$50k,CURRENT,0,Servicer_C,2024-02-25,2026-09-14T16:24:39,AVAILABLE,ORIGINATION_DB
L-100850,B-85211,FHA,2015-05-18,2030-05-18,422213.26,221858.25,7.0,180,CA,REFINANCE,D,< 1 year,$150k+,CURRENT,0,Servicer_B,2024-02-12,2026-09-14T16:24:39,AVAILABLE,ORIGINATION_DB
L-100764,B-72621,FHA,2019-08-18,2029-08-18,264822.0,44823.26,5.562,120,PA,REFINANCE,C,< 1 year,$100k-$150k,CURRENT,0,Servicer_C,2024-02-12,2026-09-14T16:24:39,AVAILABLE,ORIGINATION_DB
L-100303,B-96389,JUMBO,2019-11-21,2049-11-21,150513.34,50000.0,6.945,360,CA,CASH_OUT,B,1-3 years,$100k-$150k,CLOSED,0,Servicer_C,2024-02-17,2026-09-14T16:24:39,AVAILABLE,ORIGINATION_DB
L-100582,B-91831,FHA,2018-04-05,2048-04-06,151897.28,45809.48,5.203,360,OH,PURCHASE,D,10+ years,$150k+,CURRENT,0,Servicer_B,2024-01-06,2026-09-14T16:24:39,AVAILABLE,ORIGINATION_DB
L-100527,B-57723,CONVENTIONAL,2016-11-24,2031-11-25,473699.41,288997.74,4.577,180,GA,REFINANCE,B,1-3 years,$0-$50k,CURRENT,0,Servicer_B,2024-01-22,2026-09-14T16:24:39,AVAILABLE,ORIGINATION_DB
L-100462,B-96333,CONVENTIONAL,2018-10-15,2028-10-15,241020.11,129635.46,3.162,120,TX,CASH_OUT,C,1-3 years,$50k-$100k,CURRENT,0,Servicer_A,2024-02-02,2026-09-14T16:24:39,AVAILABLE,ORIGINATION_DB
L-100684,B-39075,JUMBO,2017-08-19,2027-08-20,399481.47,358670.53,5.618,120,IL,PURCHASE,C,1-3 years,$50k-$100k,CURRENT,0,Servicer_A,2024-01-14,2026-09-14T16:24:39,AVAILABLE,ORIGINATION_DB
L-100170,B-82957,CONVENTIONAL,2018-08-04,2048-08-05,404727.78,246428.57,6.986,360,IL,PURCHASE,B,1-3 years,$0-$50k,CURRENT,0,Servicer_B,2024-01-13,2026-09-14T16:24:39,AVAILABLE,ORIGINATION_DB
L-100698,B-82773,JUMBO,2020-02-18,2035-02-18,382898.32,178486.21,7.261,180,MI,CASH_OUT,C,< 1 year,$50k-$100k,CURRENT,0,Servicer_A,2024-02-24,2026-09-14T16:24:39,AVAILABLE,ORIGINATION_DB
L-100525,B-49672,JUMBO,2019-03-07,2029-03-07,85721.23,34637.45,3.488,120,IL,CASH_OUT,C,8-10 years,$50k-$100k,CURRENT,0,Servicer_B,2024-01-13,2026-09-14T16:24:39,AVAILABLE,ORIGINATION_DB
L-100053,B-31232,JUMBO,2023-06-21,2053-06-22,277355.47,75688.48,6.517,360,PA,REFINANCE,C,10+ years,$0-$50k,CURRENT,0,Servicer_B,2024-01-22,2026-09-14T16:24:39,AVAILABLE,ORIGINATION_DB
L-100837,B-63991,CONVENTIONAL,2022-09-27,2032-09-27,300316.4,137611.47,6.606,120,OH,CASH_OUT,A,1-3 years,$50k-$100k,CURRENT,0,Servicer_C,2024-02-06,2026-09-14T16:24:39,AVAILABLE,ORIGINATION_DB
L-100911,B-86302,VA,2016-01-06,2031-01-06,452062.42,78781.58,5.414,180,MI,PURCHASE,B,< 1 year,$100k-$150k,CURRENT,0,Servicer_C,2024-02-18,2026-09-14T16:24:39,AVAILABLE,ORIGINATION_DB
L-100396,B-18540,VA,2020-07-28,2050-07-29,351663.68,222042.1,3.125,360,GA,PURCHASE,B,4-7 years,$100k-$150k,CURRENT,0,Servicer_B,2024-01-23,2026-09-14T16:24:39,AVAILABLE,ORIGINATION_DB
L-100311,B-66700,FHA,2016-10-14,2031-10-15,180481.82,155703.57,4.523,180,TX,REFINANCE,D,8-10 years,$100k-$150k,CURRENT,0,Servicer_B,2024-02-06,2026-09-14T16:24:39,AVAILABLE,ORIGINATION_DB
L-100248,B-86477,FHA,2018-12-18,2028-12-18,294173.05,176798.34,4.874,120,PA,CASH_OUT,C,< 1 year,$50k-$100k,CURRENT,0,Servicer_A,2024-01-27,2026-09-14T16:24:39,AVAILABLE,ORIGINATION_DB
L-100809,B-52031,FHA,2019-02-18,2049-02-18,450838.41,90034.34,3.81,360,PA,CASH_OUT,C,8-10 years,$0-$50k,CURRENT,0,Servicer_B,2024-01-07,2026-09-14T16:24:39,AVAILABLE,ORIGINATION_DB
L-100278,B-68168,JUMBO,2019-02-03,2049-02-04,376605.63,104252.71,6.279,360,MI,CASH_OUT,D,< 1 year,$50k-$100k,CURRENT,0,Servicer_C,2024-02-15,2026-09-14T16:24:39,AVAILABLE,ORIGINATION_DB
L-100611,B-33134,CONVENTIONAL,2017-01-12,2027-01-13,400206.81,41029.25,6.364,120,CA,CASH_OUT,B,< 1 year,$50k-$100k,CURRENT,0,Servicer_C,2024-02-26,2026-09-14T16:24:39,AVAILABLE,ORIGINATION_DB
L-100067,B-41215,FHA,2023-04-29,2038-04-29,316260.25,172501.41,4.943,180,PA,CASH_OUT,D,8-10 years,$0-$50k,CURRENT,0,Servicer_C,2024-01-30,2026-09-14T16:24:39,AVAILABLE,ORIGINATION_DB
L-100670,B-58564,CONVENTIONAL,2016-03-12,2031-03-14,142953.07,95299.27,3.057,180,NY,REFINANCE,B,< 1 year,$150k+,CURRENT,0,Servicer_A,2024-01-10,2026-09-14T16:24:39,AVAILABLE,ORIGINATION_DB
L-100650,B-46748,CONVENTIONAL,2015-11-02,2025-11-01,153756.27,112779.25,7.193,120,NC,CASH_OUT,A,1-3 years,$150k+,CURRENT,0,Servicer_B,2024-02-25,2026-09-14T16:24:39,AVAILABLE,ORIGINATION_DB
L-100969,B-10498,VA,2017-07-19,2032-07-19,485048.0,355792.22,4.311,180,IL,PURCHASE,B,1-3 years,$100k-$150k,CURRENT,0,Servicer_A,2024-02-06,2026-09-14T16:24:39,AVAILABLE,ORIGINATION_DB
L-100281,B-47023,FHA,2019-08-19,2034-08-20,187296.91,45541.82,3.939,180,OH,REFINANCE,C,10+ years,$100k-$150k,CURRENT,0,Servicer_B,2024-02-10,2026-09-14T16:24:39,AVAILABLE,ORIGINATION_DB
L-100312,B-54687,JUMBO,2019/02/03,2049-02-03,309012.28,269872.47,4.391,360,TX,PURCHASE,B,10+ years,$150k+,CURRENT,0,Servicer_B,2024-02-28,2026-09-14T16:24:39,AVAILABLE,ORIGINATION_DB
L-100264,B-21653,JUMBO,2019-07-01,2034-07-01,65680.33,16119.48,6.017,180,TX,CASH_OUT,D,< 1 year,$100k-$150k,CURRENT,0,Servicer_A,2024-01-17,2026-09-14T16:24:39,AVAILABLE,ORIGINATION_DB
L-100235,B-91251,JUMBO,2021-07-09,2036-07-09,265071.43,236797.22,5.474,180,IL,REFINANCE,A,< 1 year,$150k+,CURRENT,0,Servicer_C,2024-02-01,2026-09-14T16:24:39,AVAILABLE,ORIGINATION_DB
L-100942,B-60537,FHA,2017-03-16,2027-03-17,216604.15,171140.42,7.194,120,OH,CASH_OUT,A,4-7 years,$50k-$100k,CURRENT,0,Servicer_B,2024-01-21,2026-09-14T16:24:39,AVAILABLE,ORIGINATION_DB
L-100469,B-38710,CONVENTIONAL,2015-10-20,2030-10-21,253099.68,224205.35,5.893,180,NC,REFINANCE,D,< 1 year,$100k-$150k,CURRENT,0,Servicer_B,2024-01-28,2026-09-14T16:24:39,AVAILABLE,ORIGINATION_DB
L-100430,B-69164,FHA,2021-12-18,2031-12-18,239236.21,30075.71,2.683,120,CA,CASH_OUT,C,10+ years,$0-$50k,CURRENT,0,Servicer_B,2024-02-03,2026-09-14T16:24:39,AVAILABLE,ORIGINATION_DB
L-100594,B-95688,CONVENTIONAL,2018-04-16,2033-04-16,335304.66,138404.33,6.149,180,OH,PURCHASE,A,< 1 year,$50k-$100k,CURRENT,0,Servicer_A,2024-02-24,2026-09-14T16:24:39,AVAILABLE,ORIGINATION_DB
L-100813,B-67008,VA,2021-01-29,2051-01-31,246252.37,213390.99,3.843,360,MI,PURCHASE,B,8-10 years,$0-$50k,CURRENT,0,Servicer_B,2024-02-10,2026-09-14T16:24:39,AVAILABLE,ORIGINATION_DB
L-100608,B-29484,FHA,2022-02-20,2032-02-21,369514.1,343767.64,5.483,120,PA,REFINANCE,D,1-3 years,$150k+,CURRENT,0,Servicer_C,2024-02-09,2026-09-14T16:24:39,AVAILABLE,ORIGINATION_DB
L-100237,B-50158,FHA,2023-01-17,2033-01-17,479904.3,205865.82,4.115,120,FL,CASH_OUT,D,1-3 years,$0-$50k,CURRENT,0,Servicer_B,2024-01-16,2026-09-14T16:24:39,AVAILABLE,ORIGINATION_DB
L-100917,B-58726,CONVENTIONAL,2022-11-15,2032-11-15,341629.64,306280.81,5.576,120,CA,PURCHASE,C,1-3 years,$150k+,CURRENT,0,Servicer_B,2024-01-31,2026-09-14T16:24:39,AVAILABLE,ORIGINATION_DB
L-100995,B-54884,CONVENTIONAL,2023-10-07,2053-10-07,119666.52,21916.8,6.513,360,OH,PURCHASE,C,1-3 years,$150k+,CURRENT,0,Servicer_B,2024-02-12,2026-09-14T16:24:39,AVAILABLE,ORIGINATION_DB
L-100729,B-54110,VA,2021-02-07,2036-02-08,90483.77,23770.51,4.182,180,TX,CASH_OUT,C,4-7 years,$150k+,CURRENT,0,Servicer_C,2024-02-08,2026-09-14T16:24:39,AVAILABLE,ORIGINATION_DB
L-100180,B-73121,VA,2016-12-04,2046-12-06,129910.14,59620.56,5.107,360,PA,CASH_OUT,C,< 1 year,$0-$50k,CURRENT,0,Servicer_C,2024-02-15,2026-09-14T16:24:39,AVAILABLE,ORIGINATION_DB
L-100504,B-71149,VA,2021-01-20,2051-01-21,156842.76,77338.6,6.527,360,GA,REFINANCE,C,< 1 year,$50k-$100k,CURRENT,0,Servicer_A,2024-02-27,2026-09-14T16:24:39,AVAILABLE,ORIGINATION_DB
L-100727,B-99504,CONVENTIONAL,2015-02-08,2030-02-09,277751.99,170579.44,7.3,180,MI,CASH_OUT,B,1-3 years,$50k-$100k,CURRENT,0,Servicer_B,2024-01-07,2026-09-14T16:24:39,AVAILABLE,ORIGINATION_DB
L-100757,B-89132,VA,2017-04-15,2032-04-15,474737.47,164453.16,3.646,180,OH,CASH_OUT,A,10+ years,$150k+,CURRENT,0,Servicer_A,2024-01-19,2026-09-14T16:24:39,AVAILABLE,ORIGINATION_DB
L-100852,B-37408,VA,2015-05-10,2030-05-11,477779.27,427456.95,5.377,180,MI,REFINANCE,B,10+ years,$150k+,CURRENT,0,Servicer_C,2024-01-01,2026-09-14T16:24:39,AVAILABLE,ORIGINATION_DB
L-100767,B-63020,VA,2019-04-02,2029-04-02,342037.75,321523.61,3.747,120,OH,REFINANCE,A,4-7 years,$0-$50k,CURRENT,0,Servicer_B,2024-01-17,2026-09-14T16:24:39,AVAILABLE,ORIGINATION_DB
L-100797,B-49690,VA,2021-02-07,2036-02-08,198351.41,32017.66,6.226,180,FL,REFINANCE,C,8-10 years,$100k-$150k,CURRENT,0,Servicer_A,2024-02-18,2026-09-14T16:24:39,AVAILABLE,ORIGINATION_DB
L-100061,B-57224,FHA,2019-08-31,2049-08-31,318502.2,193323.11,7.312,360,IL,CASH_OUT,A,< 1 year,$150k+,CURRENT,0,Servicer_A,2024-01-07,2026-09-14T16:24:39,AVAILABLE,ORIGINATION_DB
L-100863,B-61877,CONVENTIONAL,2019-05-29,2049-05-29,443582.75,213435.47,3.59,360,MI,PURCHASE,B,4-7 years,$0-$50k,CURRENT,0,Servicer_B,2024-02-15,2026-09-14T16:24:39,AVAILABLE,ORIGINATION_DB
L-100353,B-67473,FHA,2020-07-17,2035-07-18,334377.84,156742.02,2.805,180,GA,PURCHASE,A,1-3 years,$0-$50k,CURRENT,0,Servicer_A,2024-02-16,2026-09-14T16:24:39,AVAILABLE,ORIGINATION_DB
L-100234,B-37293,VA,2016-07-16,2026-07-17,164032.64,69347.27,4.025,120,CA,PURCHASE,C,< 1 year,$50k-$100k,CURRENT,0,Servicer_C,2024-01-05,2026-09-14T16:24:39,AVAILABLE,ORIGINATION_DB
L-100789,B-46289,FHA,2018-12-05,2028-12-05,351276.91,72068.41,3.021,120,OH,PURCHASE,D,8-10 years,$150k+,CURRENT,0,Servicer_C,2024-01-08,2026-09-14T16:24:39,AVAILABLE,ORIGINATION_DB
L-100440,B-69932,CONVENTIONAL,2021-03-07,2051-03-09,91334.47,51240.03,5.179,360,CA,CASH_OUT,D,< 1 year,$50k-$100k,CURRENT,0,Servicer_C,2024-01-06,2026-09-14T16:24:39,AVAILABLE,ORIGINATION_DB
L-100963,B-88406,JUMBO,2016-09-12,2031-09-14,240376.97,43700.25,6.11,180,OH,REFINANCE,D,10+ years,$50k-$100k,CURRENT,0,Servicer_C,2024-01-02,2026-09-14T16:24:39,AVAILABLE,ORIGINATION_DB
L-100651,B-70333,CONVENTIONAL,2022-04-14,2037-04-14,107998.21,84766.39,2.91,180,MI,PURCHASE,A,4-7 years,$0-$50k,CURRENT,0,Servicer_C,2024-02-23,2026-09-14T16:24:39,AVAILABLE,ORIGINATION_DB
L-100888,B-47353,JUMBO,2018-09-01,2048-09-02,181451.63,150515.39,6.624,360,OH,PURCHASE,A,1-3 years,$100k-$150k,CURRENT,0,Servicer_C,2024-02-25,2026-09-14T16:24:39,AVAILABLE,ORIGINATION_DB
L-100354,B-68378,VA,2022-03-02,2037-03-03,54360.94,38198.13,5.657,180,NC,CASH_OUT,A,< 1 year,$100k-$150k,CURRENT,0,Servicer_A,2024-02-17,2026-09-14T16:24:39,AVAILABLE,ORIGINATION_DB
L-100457,B-31904,VA,2015-10-09,2030-10-09,131390.75,141390.75,7.282,180,NY,REFINANCE,C,4-7 years,$50k-$100k,CURRENT,0,Servicer_A,2024-01-14,2026-09-14T16:24:39,AVAILABLE,ORIGINATION_DB
L-100677,B-84210,JUMBO,2023-12-16,2033-12-16,463180.16,184610.04,4.998,120,MI,CASH_OUT,C,4-7 years,$150k+,CURRENT,0,Servicer_A,2024-02-12,2026-09-14T16:24:39,AVAILABLE,ORIGINATION_DB
L-100907,B-54204,VA,2015-07-30,2030-07-31,336597.41,71542.17,2.608,180,NY,REFINANCE,A,8-10 years,$100k-$150k,CURRENT,0,Servicer_B,2024-01-16,2026-09-14T16:24:39,AVAILABLE,ORIGINATION_DB
L-100584,B-66051,CONVENTIONAL,2020-02-19,2035-02-20,289277.75,111723.89,3.341,180,CA,REFINANCE,C,1-3 years,$150k+,CURRENT,0,Servicer_A,2024-01-05,2026-09-14T16:24:39,AVAILABLE,ORIGINATION_DB
L-100705,B-27493,VA,2019-02-05,2029-02-05,270450.92,152245.65,6.694,120,XX,CASH_OUT,C,1-3 years,$50k-$100k,CURRENT,0,Servicer_A,2024-02-16,2026-09-14T16:24:39,AVAILABLE,ORIGINATION_DB
L-100449,B-62720,FHA,2022-03-22,2032-03-21,219873.99,138678.66,4.523,120,NC,PURCHASE,B,4-7 years,$100k-$150k,CURRENT,0,Servicer_B,2024-02-19,2026-09-14T16:24:39,AVAILABLE,ORIGINATION_DB
L-100672,B-55693,CONVENTIONAL,2015-06-19,2030-06-20,169267.31,109287.94,6.016,180,GA,CASH_OUT,C,8-10 years,$0-$50k,CURRENT,0,Servicer_B,2024-01-22,2026-09-14T16:24:39,AVAILABLE,ORIGINATION_DB
L-100155,B-22324,JUMBO,2015-05-20,2030-05-20,381475.66,223267.98,4.235,180,NY,PURCHASE,C,1-3 years,$100k-$150k,CURRENT,0,Servicer_B,2024-02-26,2026-09-14T16:24:39,AVAILABLE,ORIGINATION_DB
L-100190,B-43717,FHA,2016-07-15,2046-07-17,472842.75,49297.28,6.578,360,CA,PURCHASE,C,4-7 years,$50k-$100k,CURRENT,0,Servicer_B,2024-01-29,2026-09-14T16:24:39,AVAILABLE,ORIGINATION_DB
L-100926,B-74011,CONVENTIONAL,2019-01-07,2049-01-08,442475.44,416115.52,7.476,360,NC,CASH_OUT,C,< 1 year,$150k+,CURRENT,0,Servicer_B,2024-01-29,2026-09-14T16:24:39,AVAILABLE,ORIGINATION_DB
L-100934,B-51723,CONVENTIONAL,2022-09-15,2037-09-15,251318.0,149637.25,3.352,180,NC,PURCHASE,A,10+ years,$50k-$100k,CURRENT,0,Servicer_A,2024-02-09,2026-09-14T16:24:39,AVAILABLE,ORIGINATION_DB
L-100334,B-35013,CONVENTIONAL,2023-05-19,2053-05-20,145126.03,20902.6,4.846,360,NY,CASH_OUT,C,10+ years,$150k+,CURRENT,0,Servicer_C,2024-01-26,2026-09-14T16:24:39,AVAILABLE,ORIGINATION_DB
L-100183,B-67752,JUMBO,2017-12-05,2027-12-06,214669.94,43214.12,7.029,120,OH,PURCHASE,D,4-7 years,$150k+,CURRENT,0,Servicer_C,2024-02-19,2026-09-14T16:24:39,AVAILABLE,ORIGINATION_DB
L-100530,B-53352,FHA,2022-05-08,2032-05-08,240623.91,119317.85,6.396,120,IL,PURCHASE,A,8-10 years,$150k+,CURRENT,0,Servicer_B,2024-01-28,2026-09-14T16:24:39,AVAILABLE,ORIGINATION_DB
L-100254,B-82980,CONVENTIONAL,2015-10-22,2025-10-22,196643.44,71016.99,4.311,120,TX,REFINANCE,B,8-10 years,$0-$50k,CURRENT,0,Servicer_C,2024-01-26,2026-09-14T16:24:39,AVAILABLE,ORIGINATION_DB
L-100358,B-25515,FHA,2021-03-01,2031-03-02,60407.56,24060.93,3.901,120,CA,CASH_OUT,C,< 1 year,$50k-$100k,CURRENT,0,Servicer_C,2024-02-25,2026-09-14T16:24:39,AVAILABLE,ORIGINATION_DB
L-100091,B-72089,JUMBO,2016-03-04,2046-03-06,291885.01,222193.49,5.523,360,CA,PURCHASE,C,8-10 years,$0-$50k,CURRENT,0,Servicer_C,2024-02-10,2026-09-14T16:24:39,AVAILABLE,ORIGINATION_DB
L-100179,B-26347,VA,2018-07-02,2033-07-02,63668.43,46484.65,2.678,180,CA,REFINANCE,D,4-7 years,$100k-$150k,CURRENT,0,Servicer_A,2024-01-28,2026-09-14T16:24:39,AVAILABLE,ORIGINATION_DB
L-100026,B-73360,JUMBO,2021-05-06,2036-05-06,209788.94,151915.48,5.473,180,FL,CASH_OUT,D,1-3 years,$0-$50k,CURRENT,0,Servicer_B,2024-02-06,2026-09-14T16:24:39,AVAILABLE,ORIGINATION_DB
L-100238,B-46335,JUMBO,2015-02-09,2030-02-09,89549.25,74043.47,2.637,180,IL,CASH_OUT,C,8-10 years,$0-$50k,CURRENT,0,Servicer_A,2024-02-14,2026-09-14T16:24:39,AVAILABLE,ORIGINATION_DB
L-100728,B-83756,FHA,2018-05-04,2033-05-04,51851.57,40636.9,2.773,180,MI,CASH_OUT,C,1-3 years,$50k-$100k,CURRENT,0,Servicer_C,2024-02-10,2026-09-14T16:24:39,AVAILABLE,ORIGINATION_DB
L-100413,B-60120,FHA,2018-11-04,2048-11-05,475363.23,145323.99,3.198,360,MI,PURCHASE,B,4-7 years,$100k-$150k,CURRENT,0,Servicer_A,2024-02-16,2026-09-14T16:24:39,AVAILABLE,ORIGINATION_DB
L-100931,B-19173,FHA,2015-02-12,2045-02-12,460491.29,373505.2,2.717,360,TX,CASH_OUT,A,4-7 years,$50k-$100k,CURRENT,0,Servicer_A,2024-01-08,2026-09-14T16:24:39,AVAILABLE,ORIGINATION_DB
L-100162,B-58883,FHA,2019-12-01,2049-12-01,310825.51,124083.92,2.612,360,FL,CASH_OUT,A,10+ years,$150k+,CURRENT,0,Servicer_C,2024-01-28,2026-09-14T16:24:39,AVAILABLE,ORIGINATION_DB
L-100823,B-33498,JUMBO,2019-07-14,2029-07-14,133217.34,13873.4,7.192,120,NC,CASH_OUT,C,1-3 years,$100k-$150k,CURRENT,0,Servicer_B,2024-02-13,2026-09-14T16:24:39,AVAILABLE,ORIGINATION_DB
L-100766,B-35406,CONVENTIONAL,2021-05-26,2036-05-27,455746.95,400431.26,2.65,180,FL,PURCHASE,C,10+ years,$150k+,CURRENT,0,Servicer_B,2024-02-03,2026-09-14T16:24:39,AVAILABLE,ORIGINATION_DB
L-100114,B-91532,VA,2019-08-27,2049-08-28,393813.73,252972.67,6.268,360,IL,CASH_OUT,C,8-10 years,$50k-$100k,CURRENT,0,Servicer_A,2024-01-12,2026-09-14T16:24:39,AVAILABLE,ORIGINATION_DB
L-100655,B-60541,CONVENTIONAL,2021-10-10,2036-10-10,51825.68,38051.84,4.076,180,FL,PURCHASE,A,1-3 years,$100k-$150k,CURRENT,0,Servicer_B,2024-01-06,2026-09-14T16:24:39,AVAILABLE,ORIGINATION_DB
L-100028,B-61227,FHA,2021-02-21,2031-02-22,277402.41,47044.37,5.329,120,IL,CASH_OUT,A,< 1 year,$50k-$100k,CURRENT,0,Servicer_B,2024-01-28,2026-09-14T16:24:39,AVAILABLE,ORIGINATION_DB
L-100910,B-86275,JUMBO,2020-07-03,2030-07-04,414574.64,256659.01,5.453,120,PA,CASH_OUT,D,8-10 years,$0-$50k,CURRENT,0,Servicer_A,2024-02-15,2026-09-14T16:24:39,AVAILABLE,ORIGINATION_DB
L-100610,B-56069,VA,2019-07-21,2049-07-21,283987.83,263513.84,6.246,360,FL,PURCHASE,C,10+ years,$0-$50k,CURRENT,0,Servicer_B,2024-01-09,2026-09-14T16:24:39,AVAILABLE,ORIGINATION_DB
L-100955,B-12998,JUMBO,2016-01-05,2031-01-05,120288.14,80172.75,2.93,180,GA,REFINANCE,D,10+ years,$150k+,CURRENT,0,Servicer_B,2024-01-24,2026-09-14T16:24:39,AVAILABLE,ORIGINATION_DB
L-100918,B-80565,CONVENTIONAL,2016-05-28,2031-05-29,68496.42,39248.47,5.322,180,MI,PURCHASE,D,1-3 years,$150k+,CURRENT,0,Servicer_C,2024-02-12,2026-09-14T16:24:39,AVAILABLE,ORIGINATION_DB
L-100202,B-48797,JUMBO,2020-11-13,2035-11-14,133323.99,19925.98,3.467,180,PA,CASH_OUT,A,8-10 years,$150k+,CURRENT,0,Servicer_A,2024-02-08,2026-09-14T16:24:39,AVAILABLE,ORIGINATION_DB
L-100550,B-76903,FHA,2023-05-29,2033-05-29,276394.18,64024.14,5.469,120,PA,REFINANCE,C,1-3 years,$100k-$150k,CURRENT,0,Servicer_C,2024-02-19,2026-09-14T16:24:39,AVAILABLE,ORIGINATION_DB
L-100874,B-73019,VA,2021-11-10,2051-11-12,139866.29,81478.44,3.981,360,NC,PURCHASE,B,10+ years,$150k+,CURRENT,0,Servicer_A,2024-02-22,2026-09-14T16:24:39,AVAILABLE,ORIGINATION_DB
L-100602,B-40630,VA,2022-12-19,2032-12-19,50927.73,28171.37,6.118,120,IL,PURCHASE,D,4-7 years,$50k-$100k,CURRENT,0,Servicer_B,2024-02-04,2026-09-14T16:24:39,AVAILABLE,ORIGINATION_DB
L-100152,B-35875,JUMBO,2019-11-28,2034-11-28,158378.08,123178.66,2.865,180,CA,REFINANCE,D,1-3 years,$50k-$100k,CURRENT,0,Servicer_C,2024-01-02,2026-09-14T16:24:39,AVAILABLE,ORIGINATION_DB
L-100139,B-19019,JUMBO,2023-07-26,2038-07-26,302124.49,161372.52,5.66,180,NC,PURCHASE,A,8-10 years,$50k-$100k,CURRENT,0,Servicer_B,2024-02-02,2026-09-14T16:24:39,AVAILABLE,ORIGINATION_DB
L-100643,B-86018,CONVENTIONAL,2021-10-01,2036-10-01,74387.86,29003.98,6.414,180,MI,REFINANCE,A,10+ years,$150k+,CURRENT,0,Servicer_A,2024-02-04,2026-09-14T16:24:39,AVAILABLE,ORIGINATION_DB
L-100341,B-37086,VA,2022-07-11,2032-07-11,256521.68,48485.75,3.914,120,OH,REFINANCE,B,< 1 year,$50k-$100k,CURRENT,0,Servicer_B,2024-02-13,2026-09-14T16:24:39,AVAILABLE,ORIGINATION_DB
L-100947,B-44572,FHA,2019-06-25,2049-06-26,428413.5,340555.25,2.923,360,FL,REFINANCE,B,4-7 years,$150k+,CURRENT,0,Servicer_A,2024-01-25,2026-09-14T16:24:39,AVAILABLE,ORIGINATION_DB
L-100107,B-62894,VA,2023-03-09,2038-03-10,201186.62,164790.33,5.73,180,MI,PURCHASE,D,8-10 years,$150k+,CURRENT,0,Servicer_C,2024-02-13,2026-09-14T16:24:39,AVAILABLE,ORIGINATION_DB
L-100409,B-38614,CONVENTIONAL,2015-11-29,2030-11-30,192083.87,101285.08,7.284,180,IL,PURCHASE,C,4-7 years,$100k-$150k,CURRENT,0,Servicer_B,2024-02-05,2026-09-14T16:24:39,AVAILABLE,ORIGINATION_DB
L-100834,B-38179,CONVENTIONAL,2021-01-20,2036-01-21,356965.16,245972.32,4.856,180,FL,PURCHASE,D,8-10 years,$0-$50k,CURRENT,0,Servicer_C,2024-01-21,2026-09-14T16:24:39,AVAILABLE,ORIGINATION_DB
L-100359,B-11728,JUMBO,2022-05-24,2032-05-24,50774.91,37527.0,5.901,120,FL,PURCHASE,B,8-10 years,$150k+,CURRENT,0,Servicer_C,2024-01-10,2026-09-14T16:24:39,AVAILABLE,ORIGINATION_DB
L-100777,B-79192,FHA,2022-07-12,2032-07-12,316596.76,281939.84,3.297,120,NC,CASH_OUT,D,4-7 years,$150k+,CURRENT,0,Servicer_A,2024-01-22,2026-09-14T16:24:39,AVAILABLE,ORIGINATION_DB
L-100157,B-52189,FHA,2016-02-13,2046-02-13,214794.57,155651.05,4.582,360,OH,CASH_OUT,C,< 1 year,$50k-$100k,CURRENT,0,Servicer_C,2024-02-16,2026-09-14T16:24:39,AVAILABLE,ORIGINATION_DB
L-100817,B-41236,CONVENTIONAL,2021-11-02,2031-11-02,484033.32,71490.19,6.447,120,IL,CASH_OUT,C,4-7 years,$50k-$100k,CURRENT,0,Servicer_A,2024-02-21,2026-09-14T16:24:39,AVAILABLE,ORIGINATION_DB
L-100707,B-91353,JUMBO,2021-04-07,2031-04-08,391009.07,144332.33,5.026,120,PA,PURCHASE,C,4-7 years,$50k-$100k,CURRENT,0,Servicer_C,2024-02-09,2026-09-14T16:24:39,AVAILABLE,ORIGINATION_DB
L-100548,B-40374,CONVENTIONAL,2018-08-02,2048-08-02,383114.25,343138.47,2.602,360,NY,PURCHASE,B,8-10 years,$50k-$100k,CURRENT,0,Servicer_B,2024-02-16,2026-09-14T16:24:39,AVAILABLE,ORIGINATION_DB
L-100301,B-46231,FHA,2023-05-21,2033-05-21,204192.84,109840.93,5.273,120,FL,PURCHASE,B,< 1 year,$150k+,CURRENT,0,Servicer_B,2024-01-04,2026-09-14T16:24:39,AVAILABLE,ORIGINATION_DB
L-100732,B-71618,VA,2015-01-23,2025-01-22,197173.19,31432.34,3.83,120,MI,CASH_OUT,A,8-10 years,$50k-$100k,CURRENT,0,Servicer_C,2024-01-01,2026-09-14T16:24:39,AVAILABLE,ORIGINATION_DB
L-100222,B-94336,CONVENTIONAL,2017-02-23,2027-02-23,454589.64,184811.0,4.879,120,TX,REFINANCE,D,8-10 years,$100k-$150k,CURRENT,0,Servicer_B,2024-02-24,2026-09-14T16:24:39,AVAILABLE,ORIGINATION_DB
L-100003,B-92608,CONVENTIONAL,2017-02-16,2032-02-17,129213.49,97116.07,6.218,180,CA,REFINANCE,C,10+ years,$150k+,CURRENT,0,Servicer_A,2024-01-27,2026-09-14T16:24:39,AVAILABLE,ORIGINATION_DB
L-100538,B-60730,FHA,2016-04-07,2031-04-09,72947.27,49943.83,3.472,180,OH,PURCHASE,B,10+ years,$0-$50k,CURRENT,0,Servicer_A,2024-02-24,2026-09-14T16:24:39,AVAILABLE,ORIGINATION_DB
L-100734,B-80194,FHA,2015-06-08,2030-06-09,447335.39,137614.22,6.372,180,MI,PURCHASE,A,10+ years,$50k-$100k,CURRENT,0,Servicer_B,2024-02-10,2026-09-14T16:24:39,AVAILABLE,ORIGINATION_DB
L-100812,B-94819,FHA,2023-05-16,2033-05-16,182775.67,28983.34,5.28,120,NY,CASH_OUT,B,8-10 years,$50k-$100k,CURRENT,0,Servicer_C,2024-01-22,2026-09-14T16:24:39,AVAILABLE,ORIGINATION_DB
L-100928,B-18335,CONVENTIONAL,2017-09-27,2047-09-28,157774.12,129416.98,3.558,360,FL,REFINANCE,A,4-7 years,$50k-$100k,CURRENT,0,Servicer_B,2024-01-10,2026-09-14T16:24:39,AVAILABLE,ORIGINATION_DB
L-100787,B-71024,FHA,2023-07-21,2033-07-21,105290.36,91862.44,3.223,120,OH,CASH_OUT,B,10+ years,$100k-$150k,CURRENT,0,Servicer_A,2024-02-07,2026-09-14T16:24:39,AVAILABLE,ORIGINATION_DB
L-100299,B-58577,FHA,2020-09-02,2035-09-04,273357.15,88512.54,3.204,180,NC,REFINANCE,D,10+ years,$150k+,CURRENT,0,Servicer_A,2024-01-04,2026-09-14T16:24:39,AVAILABLE,ORIGINATION_DB
L-100117,B-49527,VA,2015-09-09,2030-09-09,183969.21,19906.23,6.056,180,CA,CASH_OUT,B,10+ years,$50k-$100k,CURRENT,0,Servicer_B,2024-02-20,2026-09-14T16:24:39,AVAILABLE,ORIGINATION_DB
L-100014,B-74702,CONVENTIONAL,2016-08-14,2031-08-15,96174.59,34959.76,4.975,180,OH,PURCHASE,B,4-7 years,$50k-$100k,CURRENT,0,Servicer_C,2024-01-14,2026-09-14T16:24:39,AVAILABLE,ORIGINATION_DB
L-100057,B-78823,CONVENTIONAL,2018-11-15,2028-11-15,105478.61,80723.79,3.164,120,FL,CASH_OUT,C,< 1 year,$150k+,CURRENT,0,Servicer_A,2024-02-15,2026-09-14T16:24:39,AVAILABLE,ORIGINATION_DB
L-100793,B-49546,JUMBO,2018/06/29,2048-06-29,96454.99,91303.56,5.522,360,CA,REFINANCE,A,8-10 years,$0-$50k,CURRENT,0,Servicer_B,2024-01-02,2026-09-14T16:24:39,AVAILABLE,ORIGINATION_DB
L-100826,B-70208,JUMBO,2022-10-14,2037-10-14,174935.39,142185.62,7.419,180,OH,PURCHASE,A,4-7 years,$50k-$100k,CURRENT,0,Servicer_C,2024-01-05,2026-09-14T16:24:39,AVAILABLE,ORIGINATION_DB
L-100345,B-71779,CONVENTIONAL,2023-07-06,2033-07-06,396370.62,243906.87,5.896,120,CA,CASH_OUT,B,4-7 years,$150k+,CURRENT,0,Servicer_A,2024-01-26,2026-09-14T16:24:39,AVAILABLE,ORIGINATION_DB
L-100105,B-27673,VA,2019-04-04,2034-04-04,91307.82,80504.17,3.335,180,NY,CASH_OUT,D,10+ years,$100k-$150k,CURRENT,0,Servicer_C,2024-01-10,2026-09-14T16:24:39,AVAILABLE,ORIGINATION_DB
L-100439,B-38740,VA,2023-08-21,2038-08-21,292634.38,47409.63,5.512,180,FL,CASH_OUT,B,1-3 years,$100k-$150k,CURRENT,0,Servicer_B,2024-02-28,2026-09-14T16:24:39,AVAILABLE,ORIGINATION_DB
L-100531,B-50178,VA,2022-09-23,2037-09-23,253213.54,124198.32,2.722,180,GA,CASH_OUT,D,4-7 years,$50k-$100k,CURRENT,0,Servicer_A,2024-02-14,2026-09-14T16:24:39,AVAILABLE,ORIGINATION_DB
L-100447,B-91422,CONVENTIONAL,2021-08-03,2031-08-04,260611.25,166820.52,5.319,120,FL,REFINANCE,D,< 1 year,$100k-$150k,CURRENT,0,Servicer_C,2024-02-29,2026-09-14T16:24:39,AVAILABLE,ORIGINATION_DB
L-100253,B-82272,JUMBO,2016-07-24,2046-07-25,65815.85,46156.06,5.244,360,CA,CASH_OUT,A,1-3 years,$0-$50k,CURRENT,0,Servicer_A,2024-01-17,2026-09-14T16:24:39,AVAILABLE,ORIGINATION_DB
L-100507,B-82547,FHA,2022-07-19,2037-07-19,283263.95,103033.96,3.386,180,IL,CASH_OUT,B,4-7 years,$150k+,CURRENT,0,Servicer_A,2024-01-22,2026-09-14T16:24:39,AVAILABLE,ORIGINATION_DB
L-100025,B-56610,VA,2018-01-10,2048-01-11,285338.09,184167.59,6.051,360,OH,PURCHASE,D,10+ years,$0-$50k,CURRENT,0,Servicer_A,2024-01-10,2026-09-14T16:24:39,AVAILABLE,ORIGINATION_DB
L-100673,B-12223,CONVENTIONAL,2015-06-07,2025-06-07,199339.46,166810.81,4.077,120,PA,CASH_OUT,A,10+ years,$150k+,CURRENT,0,Servicer_A,2024-01-25,2026-09-14T16:24:39,AVAILABLE,ORIGINATION_DB
L-100414,B-28610,JUMBO,2023-02-13,2033-02-12,462027.29,430151.87,5.934,120,PA,CASH_OUT,A,4-7 years,$100k-$150k,CURRENT,0,Servicer_A,2024-01-17,2026-09-14T16:24:39,AVAILABLE,ORIGINATION_DB
,B-67351,CONVENTIONAL,2018-09-11,2028-09-11,108797.76,15108.2,5.715,120,NY,REFINANCE,A,4-7 years,$50k-$100k,CURRENT,0,Servicer_C,2024-01-16,2026-09-14T16:24:39,AVAILABLE,ORIGINATION_DB
L-100382,B-16588,CONVENTIONAL,2015-09-10,2030-09-10,304337.17,166139.73,6.728,180,IL,PURCHASE,A,1-3 years,$0-$50k,CURRENT,0,Servicer_C,2024-02-13,2026-09-14T16:24:39,AVAILABLE,ORIGINATION_DB
L-100249,B-31782,VA,2017-02-19,2047-02-20,489693.69,285087.81,5.146,360,TX,CASH_OUT,A,10+ years,$100k-$150k,CURRENT,0,Servicer_A,2024-01-28,2026-09-14T16:24:39,AVAILABLE,ORIGINATION_DB
L-100375,B-46008,FHA,2016-09-21,2031-09-22,57145.45,30275.34,7.44,180,OH,REFINANCE,C,8-10 years,$0-$50k,CURRENT,0,Servicer_A,2024-02-15,2026-09-14T16:24:39,AVAILABLE,ORIGINATION_DB
L-100958,B-22048,CONVENTIONAL,2016-07-20,2026-07-21,372709.52,170441.22,6.625,120,CA,REFINANCE,D,10+ years,$50k-$100k,CURRENT,0,Servicer_C,2024-02-26,2026-09-14T16:24:39,AVAILABLE,ORIGINATION_DB
L-100481,B-23807,JUMBO,2021-08-26,2031-08-26,72208.8,46776.37,2.795,120,NC,CASH_OUT,B,8-10 years,$0-$50k,CURRENT,0,Servicer_C,2024-02-20,2026-09-14T16:24:39,AVAILABLE,ORIGINATION_DB
L-100223,B-78879,JUMBO,2019-06-19,2034-06-19,450366.15,90972.18,4.021,180,MI,CASH_OUT,C,1-3 years,$150k+,CURRENT,0,Servicer_A,2024-02-13,2026-09-14T16:24:39,AVAILABLE,ORIGINATION_DB
L-100377,B-94355,CONVENTIONAL,2017-10-24,2047-10-26,316786.24,127494.4,7.176,360,TX,CASH_OUT,C,4-7 years,$50k-$100k,CURRENT,0,Servicer_C,2024-01-11,2026-09-14T16:24:39,AVAILABLE,ORIGINATION_DB
L-100444,B-47346,CONVENTIONAL,2018-03-20,2028-03-20,148022.43,114973.06,6.271,120,FL,PURCHASE,C,< 1 year,$100k-$150k,CURRENT,0,Servicer_A,2024-02-09,2026-09-14T16:24:39,AVAILABLE,ORIGINATION_DB
L-100765,B-44002,CONVENTIONAL,2015-07-17,2045-07-17,393922.04,268063.47,5.439,360,PA,REFINANCE,C,< 1 year,$50k-$100k,CURRENT,0,Servicer_B,2024-01-16,2026-09-14T16:24:39,AVAILABLE,ORIGINATION_DB
L-100140,B-21567,CONVENTIONAL,2018-05-11,2028-05-11,190315.84,59537.19,3.091,120,GA,REFINANCE,B,8-10 years,$150k+,CURRENT,0,Servicer_B,2024-01-29,2026-09-14T16:24:39,AVAILABLE,ORIGINATION_DB
L-100175,B-78105,FHA,2019-09-05,2034-09-05,225323.15,154433.61,4.082,180,FL,CASH_OUT,D,4-7 years,$150k+,CURRENT,0,Servicer_B,2024-02-20,2026-09-14T16:24:39,AVAILABLE,ORIGINATION_DB
L-100774,B-19831,FHA,2015-09-26,2025-09-26,419695.97,206064.0,4.8,120,NY,PURCHASE,C,10+ years,$150k+,CURRENT,0,Servicer_C,2024-02-29,2026-09-14T16:24:39,AVAILABLE,ORIGINATION_DB
L-100433,B-79052,FHA,2023/12/21,2053-12-21,427753.2,169388.26,7.025,360,TX,PURCHASE,A,< 1 year,$50k-$100k,CURRENT,0,Servicer_A,2024-01-20,2026-09-14T16:24:39,AVAILABLE,ORIGINATION_DB
L-100319,B-94991,FHA,2019-10-07,2049-10-07,123894.97,54484.99,4.828,360,NY,CASH_OUT,A,< 1 year,$50k-$100k,CURRENT,0,Servicer_C,2024-01-12,2026-09-14T16:24:39,AVAILABLE,ORIGINATION_DB
L-100660,B-95526,VA,2021-05-12,2051-05-13,263189.62,27236.25,3.585,360,NY,CASH_OUT,D,10+ years,$50k-$100k,CURRENT,0,Servicer_B,2024-02-18,2026-09-14T16:24:39,AVAILABLE,ORIGINATION_DB
L-100597,B-57095,CONVENTIONAL,2023-08-11,2038-08-11,93546.35,19385.05,6.638,180,GA,REFINANCE,C,1-3 years,$150k+,CURRENT,0,Servicer_A,2024-01-10,2026-09-14T16:24:39,AVAILABLE,ORIGINATION_DB
L-100141,B-65822,CONVENTIONAL,2023-01-20,2053-01-20,448221.18,324365.47,7.09,360,GA,CASH_OUT,C,8-10 years,$50k-$100k,CURRENT,0,Servicer_C,2024-02-05,2026-09-14T16:24:39,AVAILABLE,ORIGINATION_DB
L-100658,B-14305,VA,2021-01-05,2031-01-06,439226.17,-1500.0,4.094,120,NY,PURCHASE,B,8-10 years,$50k-$100k,CURRENT,0,Servicer_A,2024-02-06,2026-09-14T16:24:39,AVAILABLE,ORIGINATION_DB
L-100199,B-98664,FHA,2016-05-12,2031-05-13,66046.32,47009.19,2.731,180,TX,REFINANCE,A,8-10 years,$50k-$100k,CURRENT,0,Servicer_A,2024-02-04,2026-09-14T16:24:39,AVAILABLE,ORIGINATION_DB
L-100898,B-88955,VA,2015-05-27,2030-05-28,321529.85,179311.8,3.082,180,CA,PURCHASE,C,1-3 years,$100k-$150k,CURRENT,0,Servicer_A,2024-02-01,2026-09-14T16:24:39,AVAILABLE,ORIGINATION_DB
L-100894,B-82838,JUMBO,2022-08-19,2052-08-20,140898.38,96253.26,5.927,360,PA,PURCHASE,C,4-7 years,$150k+,CURRENT,0,Servicer_B,2024-02-26,2026-09-14T16:24:39,AVAILABLE,ORIGINATION_DB
L-100108,B-75257,VA,2017-03-05,2032-03-06,405890.86,219701.79,4.278,180,NC,REFINANCE,D,4-7 years,$50k-$100k,CURRENT,0,Servicer_B,2024-02-27,2026-09-14T16:24:39,AVAILABLE,ORIGINATION_DB
L-100164,B-81932,JUMBO,2023-04-22,2053-04-22,194317.83,116559.78,3.688,360,NY,CASH_OUT,A,8-10 years,$100k-$150k,CURRENT,0,Servicer_A,2024-01-08,2026-09-14T16:24:39,AVAILABLE,ORIGINATION_DB
L-100282,B-75483,VA,2022-10-04,2052-10-05,282245.01,109410.72,3.864,360,TX,CASH_OUT,C,1-3 years,$100k-$150k,CURRENT,0,Servicer_B,2024-02-03,2026-09-14T16:24:39,AVAILABLE,ORIGINATION_DB
L-100316,B-57057,CONVENTIONAL,2023-05-11,2053-05-11,385220.42,108400.87,6.276,360,PA,PURCHASE,C,< 1 year,$100k-$150k,CURRENT,0,Servicer_C,2024-02-04,2026-09-14T16:24:39,AVAILABLE,ORIGINATION_DB
L-100893,B-41067,VA,2019-12-01,2029-12-01,445582.03,413306.24,6.578,120,FL,CASH_OUT,C,< 1 year,$50k-$100k,CURRENT,0,Servicer_B,2024-02-10,2026-09-14T16:24:39,AVAILABLE,ORIGINATION_DB
L-100830,B-26209,JUMBO,2023-12-13,2053-12-14,456677.07,119388.84,4.543,360,NC,CASH_OUT,C,1-3 years,$100k-$150k,CURRENT,45,Servicer_B,2024-01-29,2026-09-14T16:24:39,AVAILABLE,ORIGINATION_DB
L-100056,B-54915,FHA,2019-02-10,2010-01-01,273591.59,168978.38,6.711,120,IL,PURCHASE,C,10+ years,$0-$50k,CURRENT,0,Servicer_B,2024-02-03,2026-09-14T16:24:39,AVAILABLE,ORIGINATION_DB
L-100546,B-24427,CONVENTIONAL,2017-09-24,2027-09-25,473314.39,249020.98,2.586,120,TX,REFINANCE,C,8-10 years,$50k-$100k,CURRENT,0,Servicer_B,2024-02-13,2026-09-14T16:24:39,AVAILABLE,ORIGINATION_DB
L-100184,B-26937,JUMBO,2015-08-18,2025-08-17,391800.7,179470.44,2.691,120,NY,REFINANCE,A,4-7 years,$50k-$100k,CURRENT,0,Servicer_C,2024-02-19,2026-09-14T16:24:39,AVAILABLE,ORIGINATION_DB
L-100540,B-88932,VA,2021-04-22,2036-04-22,486754.64,461481.49,3.731,180,MI,CASH_OUT,B,< 1 year,$150k+,CURRENT,0,Servicer_A,2024-02-13,2026-09-14T16:24:39,AVAILABLE,ORIGINATION_DB
L-100287,B-97537,VA,2016-01-02,2031-01-02,444690.34,308763.57,6.195,180,CA,REFINANCE,A,10+ years,$0-$50k,CURRENT,45,Servicer_C,2024-01-31,2026-09-14T16:24:39,AVAILABLE,ORIGINATION_DB
L-100803,B-23476,CONVENTIONAL,2020-06-16,2050-06-18,237715.59,31344.87,3.901,360,GA,REFINANCE,B,10+ years,$150k+,CURRENT,0,Servicer_B,2024-01-14,2026-09-14T16:24:39,AVAILABLE,ORIGINATION_DB
L-100564,B-26447,JUMBO,2023-01-21,2038-01-21,479658.6,324045.19,3.439,180,IL,CASH_OUT,B,4-7 years,$150k+,CURRENT,0,Servicer_C,2024-02-15,2026-09-14T16:24:39,AVAILABLE,ORIGINATION_DB
L-100486,B-39072,JUMBO,2018-10-13,2033-10-13,445378.04,263908.72,5.282,180,TX,PURCHASE,B,1-3 years,$100k-$150k,CURRENT,0,Servicer_C,2024-02-27,2026-09-14T16:24:39,AVAILABLE,ORIGINATION_DB
